timestamp,function,cgroup,mem_current,mem_high,mem_max,pgfault,pgmajfault
1774418078.793427,func_cpu_light_mem_light,func_a.slice,0,0,0,0,0
1774418078.793427,func_cpu_light_mem_heavy,func_b.slice,0,0,0,0,0
1774418078.793427,func_cpu_heavy_mem_heavy,func_c.slice,0,0,0,0,0
1774418079.283693,func_cpu_light_mem_light,func_a.slice,0,0,0,0,0
1774418079.283693,func_cpu_light_mem_heavy,func_b.slice,0,0,0,0,0
1774418079.283693,func_cpu_heavy_mem_heavy,func_c.slice,0,0,0,0,0
1774418079.7836897,func_cpu_light_mem_light,func_a.slice,0,0,0,0,0
1774418079.7836897,func_cpu_light_mem_heavy,func_b.slice,0,0,0,0,0
1774418079.7836897,func_cpu_heavy_mem_heavy,func_c.slice,0,0,0,0,0
1774418080.2839549,func_cpu_light_mem_light,func_a.slice,0,0,0,0,0
1774418080.2839549,func_cpu_light_mem_heavy,func_b.slice,0,0,0,0,0
1774418080.2839549,func_cpu_heavy_mem_heavy,func_c.slice,0,0,0,0,0
1774418080.7841675,func_cpu_light_mem_light,func_a.slice,0,0,0,0,0
1774418080.7841675,func_cpu_light_mem_heavy,func_b.slice,0,0,0,0,0
1774418080.7841675,func_cpu_heavy_mem_heavy,func_c.slice,0,0,0,0,0
1774418081.284973,func_cpu_light_mem_light,func_a.slice,0,0,0,0,0
1774418081.284973,func_cpu_light_mem_heavy,func_b.slice,0,0,0,0,0
1774418081.284973,func_cpu_heavy_mem_heavy,func_c.slice,0,0,0,0,0
1774418081.785016,func_cpu_light_mem_light,func_a.slice,0,0,0,0,0
1774418081.785016,func_cpu_light_mem_heavy,func_b.slice,0,0,0,0,0
1774418081.785016,func_cpu_heavy_mem_heavy,func_c.slice,0,0,0,0,0
1774418082.2851336,func_cpu_light_mem_light,func_a.slice,0,0,0,0,0
1774418082.2851336,func_cpu_light_mem_heavy,func_b.slice,0,0,0,0,0
1774418082.2851336,func_cpu_heavy_mem_heavy,func_c.slice,0,0,0,0,0
1774418082.7855458,func_cpu_light_mem_light,func_a.slice,0,0,0,0,0
1774418082.7855458,func_cpu_light_mem_heavy,func_b.slice,0,0,0,0,0
1774418082.7855458,func_cpu_heavy_mem_heavy,func_c.slice,0,0,0,0,0
1774418083.28587,func_cpu_light_mem_light,func_a.slice,0,0,0,0,0
1774418083.28587,func_cpu_light_mem_heavy,func_b.slice,0,0,0,0,0
1774418083.28587,func_cpu_heavy_mem_heavy,func_c.slice,0,0,0,0,0
1774418083.7863865,func_cpu_light_mem_light,func_a.slice,0,0,0,0,0
1774418083.7863865,func_cpu_light_mem_heavy,func_b.slice,0,0,0,0,0
1774418083.7863865,func_cpu_heavy_mem_heavy,func_c.slice,0,0,0,0,0
1774418084.2872486,func_cpu_light_mem_light,func_a.slice,0,0,0,0,0
1774418084.2872486,func_cpu_light_mem_heavy,func_b.slice,0,0,0,0,0
1774418084.2872486,func_cpu_heavy_mem_heavy,func_c.slice,0,0,0,0,0
1774418084.7867124,func_cpu_light_mem_light,func_a.slice,0,0,0,0,0
1774418084.7867124,func_cpu_light_mem_heavy,func_b.slice,0,0,0,0,0
1774418084.7867124,func_cpu_heavy_mem_heavy,func_c.slice,0,0,0,0,0
1774418085.2873898,func_cpu_light_mem_light,func_a.slice,0,0,0,0,0
1774418085.2873898,func_cpu_light_mem_heavy,func_b.slice,0,0,0,0,0
1774418085.2873898,func_cpu_heavy_mem_heavy,func_c.slice,0,0,0,0,0
1774418085.7887912,func_cpu_light_mem_light,func_a.slice,0,0,0,0,0
1774418085.7887912,func_cpu_light_mem_heavy,func_b.slice,0,0,0,0,0
1774418085.7887912,func_cpu_heavy_mem_heavy,func_c.slice,0,0,0,0,0
1774418086.2873864,func_cpu_light_mem_light,func_a.slice,0,0,0,0,0
1774418086.2873864,func_cpu_light_mem_heavy,func_b.slice,0,0,0,0,0
1774418086.2873864,func_cpu_heavy_mem_heavy,func_c.slice,0,0,0,0,0
1774418086.7882252,func_cpu_light_mem_light,func_a.slice,0,0,0,0,0
1774418086.7882252,func_cpu_light_mem_heavy,func_b.slice,0,0,0,0,0
1774418086.7882252,func_cpu_heavy_mem_heavy,func_c.slice,0,0,0,0,0
1774418087.2880774,func_cpu_light_mem_light,func_a.slice,0,0,0,0,0
1774418087.2880774,func_cpu_light_mem_heavy,func_b.slice,0,0,0,0,0
1774418087.2880774,func_cpu_heavy_mem_heavy,func_c.slice,0,0,0,0,0
1774418087.7884865,func_cpu_light_mem_light,func_a.slice,0,0,0,0,0
1774418087.7884865,func_cpu_light_mem_heavy,func_b.slice,0,0,0,0,0
1774418087.7884865,func_cpu_heavy_mem_heavy,func_c.slice,0,0,0,0,0
1774418088.2887466,func_cpu_light_mem_light,func_a.slice,0,0,0,0,0
1774418088.2887466,func_cpu_light_mem_heavy,func_b.slice,0,0,0,0,0
1774418088.2887466,func_cpu_heavy_mem_heavy,func_c.slice,0,0,0,0,0
1774418088.7886684,func_cpu_light_mem_light,func_a.slice,0,0,0,0,0
1774418088.7886684,func_cpu_light_mem_heavy,func_b.slice,0,0,0,0,0
1774418088.7886684,func_cpu_heavy_mem_heavy,func_c.slice,0,0,0,0,0
1774418089.2890027,func_cpu_light_mem_light,func_a.slice,0,0,0,0,0
1774418089.2890027,func_cpu_light_mem_heavy,func_b.slice,0,0,0,0,0
1774418089.2890027,func_cpu_heavy_mem_heavy,func_c.slice,0,0,0,0,0
1774418089.7897358,func_cpu_light_mem_light,func_a.slice,0,0,0,0,0
1774418089.7897358,func_cpu_light_mem_heavy,func_b.slice,0,0,0,0,0
1774418089.7897358,func_cpu_heavy_mem_heavy,func_c.slice,0,0,0,0,0
1774418090.290385,func_cpu_light_mem_light,func_a.slice,0,0,0,0,0
1774418090.290385,func_cpu_light_mem_heavy,func_b.slice,0,0,0,0,0
1774418090.290385,func_cpu_heavy_mem_heavy,func_c.slice,0,0,0,0,0
1774418090.7902665,func_cpu_light_mem_light,func_a.slice,0,0,0,0,0
1774418090.7902665,func_cpu_light_mem_heavy,func_b.slice,0,0,0,0,0
1774418090.7902665,func_cpu_heavy_mem_heavy,func_c.slice,0,0,0,0,0
1774418091.2906978,func_cpu_light_mem_light,func_a.slice,0,0,0,0,0
1774418091.2906978,func_cpu_light_mem_heavy,func_b.slice,0,0,0,0,0
1774418091.2906978,func_cpu_heavy_mem_heavy,func_c.slice,0,0,0,0,0
1774418091.7908206,func_cpu_light_mem_light,func_a.slice,0,0,0,0,0
1774418091.7908206,func_cpu_light_mem_heavy,func_b.slice,0,0,0,0,0
1774418091.7908206,func_cpu_heavy_mem_heavy,func_c.slice,0,0,0,0,0
1774418092.291011,func_cpu_light_mem_light,func_a.slice,0,0,0,0,0
1774418092.291011,func_cpu_light_mem_heavy,func_b.slice,0,0,0,0,0
1774418092.291011,func_cpu_heavy_mem_heavy,func_c.slice,0,0,0,0,0
1774418092.7911634,func_cpu_light_mem_light,func_a.slice,0,0,0,0,0
1774418092.7911634,func_cpu_light_mem_heavy,func_b.slice,0,0,0,0,0
1774418092.7911634,func_cpu_heavy_mem_heavy,func_c.slice,0,0,0,0,0
1774418093.291546,func_cpu_light_mem_light,func_a.slice,0,0,0,0,0
1774418093.291546,func_cpu_light_mem_heavy,func_b.slice,0,0,0,0,0
1774418093.291546,func_cpu_heavy_mem_heavy,func_c.slice,0,0,0,0,0
1774418093.7916508,func_cpu_light_mem_light,func_a.slice,0,0,0,0,0
1774418093.7916508,func_cpu_light_mem_heavy,func_b.slice,0,0,0,0,0
1774418093.7916508,func_cpu_heavy_mem_heavy,func_c.slice,0,0,0,0,0
1774418094.2917593,func_cpu_light_mem_light,func_a.slice,0,0,0,0,0
1774418094.2917593,func_cpu_light_mem_heavy,func_b.slice,0,0,0,0,0
1774418094.2917593,func_cpu_heavy_mem_heavy,func_c.slice,0,0,0,0,0
1774418094.7925634,func_cpu_light_mem_light,func_a.slice,0,0,0,0,0
1774418094.7925634,func_cpu_light_mem_heavy,func_b.slice,0,0,0,0,0
1774418094.7925634,func_cpu_heavy_mem_heavy,func_c.slice,0,0,0,0,0
1774418095.292954,func_cpu_light_mem_light,func_a.slice,0,0,0,0,0
1774418095.292954,func_cpu_light_mem_heavy,func_b.slice,0,0,0,0,0
1774418095.292954,func_cpu_heavy_mem_heavy,func_c.slice,0,0,0,0,0
1774418095.7926474,func_cpu_light_mem_light,func_a.slice,0,0,0,0,0
1774418095.7926474,func_cpu_light_mem_heavy,func_b.slice,0,0,0,0,0
1774418095.7926474,func_cpu_heavy_mem_heavy,func_c.slice,0,0,0,0,0
1774418096.2937262,func_cpu_light_mem_light,func_a.slice,0,0,0,0,0
1774418096.2937262,func_cpu_light_mem_heavy,func_b.slice,0,0,0,0,0
1774418096.2937262,func_cpu_heavy_mem_heavy,func_c.slice,0,0,0,0,0
1774418096.792958,func_cpu_light_mem_light,func_a.slice,0,0,0,0,0
1774418096.792958,func_cpu_light_mem_heavy,func_b.slice,0,0,0,0,0
1774418096.792958,func_cpu_heavy_mem_heavy,func_c.slice,0,0,0,0,0
1774418097.2929838,func_cpu_light_mem_light,func_a.slice,0,0,0,0,0
1774418097.2929838,func_cpu_light_mem_heavy,func_b.slice,0,0,0,0,0
1774418097.2929838,func_cpu_heavy_mem_heavy,func_c.slice,0,0,0,0,0
1774418097.7933588,func_cpu_light_mem_light,func_a.slice,0,0,0,0,0
1774418097.7933588,func_cpu_light_mem_heavy,func_b.slice,0,0,0,0,0
1774418097.7933588,func_cpu_heavy_mem_heavy,func_c.slice,0,0,0,0,0
1774418098.2934618,func_cpu_light_mem_light,func_a.slice,0,0,0,0,0
1774418098.2934618,func_cpu_light_mem_heavy,func_b.slice,0,0,0,0,0
1774418098.2934618,func_cpu_heavy_mem_heavy,func_c.slice,0,0,0,0,0
1774418098.7938464,func_cpu_light_mem_light,func_a.slice,0,0,0,0,0
1774418098.7938464,func_cpu_light_mem_heavy,func_b.slice,0,0,0,0,0
1774418098.7938464,func_cpu_heavy_mem_heavy,func_c.slice,0,0,0,0,0
1774418099.294821,func_cpu_light_mem_light,func_a.slice,0,0,0,0,0
1774418099.294821,func_cpu_light_mem_heavy,func_b.slice,0,0,0,0,0
1774418099.294821,func_cpu_heavy_mem_heavy,func_c.slice,0,0,0,0,0
1774418099.794865,func_cpu_light_mem_light,func_a.slice,0,0,0,0,0
1774418099.794865,func_cpu_light_mem_heavy,func_b.slice,0,0,0,0,0
1774418099.794865,func_cpu_heavy_mem_heavy,func_c.slice,0,0,0,0,0
1774418100.2942183,func_cpu_light_mem_light,func_a.slice,0,0,0,0,0
1774418100.2942183,func_cpu_light_mem_heavy,func_b.slice,0,0,0,0,0
1774418100.2942183,func_cpu_heavy_mem_heavy,func_c.slice,0,0,0,0,0
1774418100.7945,func_cpu_light_mem_light,func_a.slice,0,0,0,0,0
1774418100.7945,func_cpu_light_mem_heavy,func_b.slice,0,0,0,0,0
1774418100.7945,func_cpu_heavy_mem_heavy,func_c.slice,0,0,0,0,0
1774418101.295103,func_cpu_light_mem_light,func_a.slice,0,0,0,0,0
1774418101.295103,func_cpu_light_mem_heavy,func_b.slice,0,0,0,0,0
1774418101.295103,func_cpu_heavy_mem_heavy,func_c.slice,0,0,0,0,0
1774418101.7948697,func_cpu_light_mem_light,func_a.slice,0,0,0,0,0
1774418101.7948697,func_cpu_light_mem_heavy,func_b.slice,0,0,0,0,0
1774418101.7948697,func_cpu_heavy_mem_heavy,func_c.slice,0,0,0,0,0
1774418102.2951708,func_cpu_light_mem_light,func_a.slice,0,0,0,0,0
1774418102.2951708,func_cpu_light_mem_heavy,func_b.slice,0,0,0,0,0
1774418102.2951708,func_cpu_heavy_mem_heavy,func_c.slice,0,0,0,0,0
1774418102.7955987,func_cpu_light_mem_light,func_a.slice,0,0,0,0,0
1774418102.7955987,func_cpu_light_mem_heavy,func_b.slice,0,0,0,0,0
1774418102.7955987,func_cpu_heavy_mem_heavy,func_c.slice,0,0,0,0,0
1774418103.295259,func_cpu_light_mem_light,func_a.slice,0,0,0,0,0
1774418103.295259,func_cpu_light_mem_heavy,func_b.slice,0,0,0,0,0
1774418103.295259,func_cpu_heavy_mem_heavy,func_c.slice,0,0,0,0,0
1774418103.7954323,func_cpu_light_mem_light,func_a.slice,0,0,0,0,0
1774418103.7954323,func_cpu_light_mem_heavy,func_b.slice,0,0,0,0,0
1774418103.7954323,func_cpu_heavy_mem_heavy,func_c.slice,0,0,0,0,0
1774418104.296317,func_cpu_light_mem_light,func_a.slice,0,0,0,0,0
1774418104.296317,func_cpu_light_mem_heavy,func_b.slice,0,0,0,0,0
1774418104.296317,func_cpu_heavy_mem_heavy,func_c.slice,0,0,0,0,0
1774418104.79628,func_cpu_light_mem_light,func_a.slice,0,0,0,0,0
1774418104.79628,func_cpu_light_mem_heavy,func_b.slice,0,0,0,0,0
1774418104.79628,func_cpu_heavy_mem_heavy,func_c.slice,0,0,0,0,0
1774418105.296437,func_cpu_light_mem_light,func_a.slice,0,0,0,0,0
1774418105.296437,func_cpu_light_mem_heavy,func_b.slice,0,0,0,0,0
1774418105.296437,func_cpu_heavy_mem_heavy,func_c.slice,0,0,0,0,0
1774418105.7967317,func_cpu_light_mem_light,func_a.slice,0,0,0,0,0
1774418105.7967317,func_cpu_light_mem_heavy,func_b.slice,0,0,0,0,0
1774418105.7967317,func_cpu_heavy_mem_heavy,func_c.slice,0,0,0,0,0
1774418106.2971199,func_cpu_light_mem_light,func_a.slice,0,0,0,0,0
1774418106.2971199,func_cpu_light_mem_heavy,func_b.slice,0,0,0,0,0
1774418106.2971199,func_cpu_heavy_mem_heavy,func_c.slice,0,0,0,0,0
1774418106.7971861,func_cpu_light_mem_light,func_a.slice,0,0,0,0,0
1774418106.7971861,func_cpu_light_mem_heavy,func_b.slice,0,0,0,0,0
1774418106.7971861,func_cpu_heavy_mem_heavy,func_c.slice,0,0,0,0,0
1774418107.2974532,func_cpu_light_mem_light,func_a.slice,0,0,0,0,0
1774418107.2974532,func_cpu_light_mem_heavy,func_b.slice,0,0,0,0,0
1774418107.2974532,func_cpu_heavy_mem_heavy,func_c.slice,0,0,0,0,0
1774418107.797902,func_cpu_light_mem_light,func_a.slice,0,0,0,0,0
1774418107.797902,func_cpu_light_mem_heavy,func_b.slice,0,0,0,0,0
1774418107.797902,func_cpu_heavy_mem_heavy,func_c.slice,0,0,0,0,0
1774418108.2980232,func_cpu_light_mem_light,func_a.slice,0,0,0,0,0
1774418108.2980232,func_cpu_light_mem_heavy,func_b.slice,0,0,0,0,0
1774418108.2980232,func_cpu_heavy_mem_heavy,func_c.slice,0,0,0,0,0
1774418108.7993274,func_cpu_light_mem_light,func_a.slice,0,0,0,0,0
1774418108.7993274,func_cpu_light_mem_heavy,func_b.slice,0,0,0,0,0
1774418108.7993274,func_cpu_heavy_mem_heavy,func_c.slice,0,0,0,0,0
1774418109.2992516,func_cpu_light_mem_light,func_a.slice,0,0,0,0,0
1774418109.2992516,func_cpu_light_mem_heavy,func_b.slice,0,0,0,0,0
1774418109.2992516,func_cpu_heavy_mem_heavy,func_c.slice,0,0,0,0,0
1774418109.7990725,func_cpu_light_mem_light,func_a.slice,0,0,0,0,0
1774418109.7990725,func_cpu_light_mem_heavy,func_b.slice,0,0,0,0,0
1774418109.7990725,func_cpu_heavy_mem_heavy,func_c.slice,0,0,0,0,0
1774418110.2995453,func_cpu_light_mem_light,func_a.slice,0,0,0,0,0
1774418110.2995453,func_cpu_light_mem_heavy,func_b.slice,0,0,0,0,0
1774418110.2995453,func_cpu_heavy_mem_heavy,func_c.slice,0,0,0,0,0
1774418110.800352,func_cpu_light_mem_light,func_a.slice,0,0,0,0,0
1774418110.800352,func_cpu_light_mem_heavy,func_b.slice,0,0,0,0,0
1774418110.800352,func_cpu_heavy_mem_heavy,func_c.slice,0,0,0,0,0
1774418111.3006687,func_cpu_light_mem_light,func_a.slice,0,0,0,0,0
1774418111.3006687,func_cpu_light_mem_heavy,func_b.slice,0,0,0,0,0
1774418111.3006687,func_cpu_heavy_mem_heavy,func_c.slice,0,0,0,0,0
1774418111.8012135,func_cpu_light_mem_light,func_a.slice,0,0,0,0,0
1774418111.8012135,func_cpu_light_mem_heavy,func_b.slice,0,0,0,0,0
1774418111.8012135,func_cpu_heavy_mem_heavy,func_c.slice,0,0,0,0,0
1774418112.301359,func_cpu_light_mem_light,func_a.slice,0,0,0,0,0
1774418112.301359,func_cpu_light_mem_heavy,func_b.slice,0,0,0,0,0
1774418112.301359,func_cpu_heavy_mem_heavy,func_c.slice,0,0,0,0,0
1774418112.802922,func_cpu_light_mem_light,func_a.slice,0,0,0,0,0
1774418112.802922,func_cpu_light_mem_heavy,func_b.slice,0,0,0,0,0
1774418112.802922,func_cpu_heavy_mem_heavy,func_c.slice,0,0,0,0,0
1774418113.3019116,func_cpu_light_mem_light,func_a.slice,0,0,0,0,0
1774418113.3019116,func_cpu_light_mem_heavy,func_b.slice,0,0,0,0,0
1774418113.3019116,func_cpu_heavy_mem_heavy,func_c.slice,0,0,0,0,0
1774418113.8021407,func_cpu_light_mem_light,func_a.slice,0,0,0,0,0
1774418113.8021407,func_cpu_light_mem_heavy,func_b.slice,0,0,0,0,0
1774418113.8021407,func_cpu_heavy_mem_heavy,func_c.slice,0,0,0,0,0
1774418114.303481,func_cpu_light_mem_light,func_a.slice,0,0,0,0,0
1774418114.303481,func_cpu_light_mem_heavy,func_b.slice,0,0,0,0,0
1774418114.303481,func_cpu_heavy_mem_heavy,func_c.slice,0,0,0,0,0
1774418114.803503,func_cpu_light_mem_light,func_a.slice,0,0,0,0,0
1774418114.803503,func_cpu_light_mem_heavy,func_b.slice,0,0,0,0,0
1774418114.803503,func_cpu_heavy_mem_heavy,func_c.slice,0,0,0,0,0
1774418115.303486,func_cpu_light_mem_light,func_a.slice,0,0,0,0,0
1774418115.303486,func_cpu_light_mem_heavy,func_b.slice,0,0,0,0,0
1774418115.303486,func_cpu_heavy_mem_heavy,func_c.slice,0,0,0,0,0
1774418115.803655,func_cpu_light_mem_light,func_a.slice,0,0,0,0,0
1774418115.803655,func_cpu_light_mem_heavy,func_b.slice,0,0,0,0,0
1774418115.803655,func_cpu_heavy_mem_heavy,func_c.slice,0,0,0,0,0
1774418116.3041246,func_cpu_light_mem_light,func_a.slice,0,0,0,0,0
1774418116.3041246,func_cpu_light_mem_heavy,func_b.slice,0,0,0,0,0
1774418116.3041246,func_cpu_heavy_mem_heavy,func_c.slice,0,0,0,0,0
1774418116.804618,func_cpu_light_mem_light,func_a.slice,0,0,0,0,0
1774418116.804618,func_cpu_light_mem_heavy,func_b.slice,0,0,0,0,0
1774418116.804618,func_cpu_heavy_mem_heavy,func_c.slice,0,0,0,0,0
1774418117.3045316,func_cpu_light_mem_light,func_a.slice,0,0,0,0,0
1774418117.3045316,func_cpu_light_mem_heavy,func_b.slice,0,0,0,0,0
1774418117.3045316,func_cpu_heavy_mem_heavy,func_c.slice,0,0,0,0,0
1774418117.8053286,func_cpu_light_mem_light,func_a.slice,0,0,0,0,0
1774418117.8053286,func_cpu_light_mem_heavy,func_b.slice,0,0,0,0,0
1774418117.8053286,func_cpu_heavy_mem_heavy,func_c.slice,0,0,0,0,0
1774418118.3051996,func_cpu_light_mem_light,func_a.slice,0,0,0,0,0
1774418118.3051996,func_cpu_light_mem_heavy,func_b.slice,0,0,0,0,0
1774418118.3051996,func_cpu_heavy_mem_heavy,func_c.slice,0,0,0,0,0
1774418118.8053024,func_cpu_light_mem_light,func_a.slice,0,0,0,0,0
1774418118.8053024,func_cpu_light_mem_heavy,func_b.slice,0,0,0,0,0
1774418118.8053024,func_cpu_heavy_mem_heavy,func_c.slice,0,0,0,0,0
1774418119.305712,func_cpu_light_mem_light,func_a.slice,0,0,0,0,0
1774418119.305712,func_cpu_light_mem_heavy,func_b.slice,0,0,0,0,0
1774418119.305712,func_cpu_heavy_mem_heavy,func_c.slice,0,0,0,0,0
1774418119.8061326,func_cpu_light_mem_light,func_a.slice,0,0,0,0,0
1774418119.8061326,func_cpu_light_mem_heavy,func_b.slice,0,0,0,0,0
1774418119.8061326,func_cpu_heavy_mem_heavy,func_c.slice,0,0,0,0,0
1774418120.3066008,func_cpu_light_mem_light,func_a.slice,0,0,0,0,0
1774418120.3066008,func_cpu_light_mem_heavy,func_b.slice,0,0,0,0,0
1774418120.3066008,func_cpu_heavy_mem_heavy,func_c.slice,0,0,0,0,0
1774418120.8073704,func_cpu_light_mem_light,func_a.slice,0,0,0,0,0
1774418120.8073704,func_cpu_light_mem_heavy,func_b.slice,0,0,0,0,0
1774418120.8073704,func_cpu_heavy_mem_heavy,func_c.slice,0,0,0,0,0
1774418121.3073108,func_cpu_light_mem_light,func_a.slice,0,0,0,0,0
1774418121.3073108,func_cpu_light_mem_heavy,func_b.slice,0,0,0,0,0
1774418121.3073108,func_cpu_heavy_mem_heavy,func_c.slice,0,0,0,0,0
1774418121.807733,func_cpu_light_mem_light,func_a.slice,0,0,0,0,0
1774418121.807733,func_cpu_light_mem_heavy,func_b.slice,0,0,0,0,0
1774418121.807733,func_cpu_heavy_mem_heavy,func_c.slice,0,0,0,0,0
1774418122.3089802,func_cpu_light_mem_light,func_a.slice,0,0,0,0,0
1774418122.3089802,func_cpu_light_mem_heavy,func_b.slice,0,0,0,0,0
1774418122.3089802,func_cpu_heavy_mem_heavy,func_c.slice,0,0,0,0,0
1774418122.8096204,func_cpu_light_mem_light,func_a.slice,0,0,0,0,0
1774418122.8096204,func_cpu_light_mem_heavy,func_b.slice,0,0,0,0,0
1774418122.8096204,func_cpu_heavy_mem_heavy,func_c.slice,0,0,0,0,0
1774418123.309428,func_cpu_light_mem_light,func_a.slice,0,0,0,0,0
1774418123.309428,func_cpu_light_mem_heavy,func_b.slice,0,0,0,0,0
1774418123.309428,func_cpu_heavy_mem_heavy,func_c.slice,0,0,0,0,0
1774418123.809915,func_cpu_light_mem_light,func_a.slice,0,0,0,0,0
1774418123.809915,func_cpu_light_mem_heavy,func_b.slice,0,0,0,0,0
1774418123.809915,func_cpu_heavy_mem_heavy,func_c.slice,0,0,0,0,0
1774418124.3100247,func_cpu_light_mem_light,func_a.slice,0,0,0,0,0
1774418124.3100247,func_cpu_light_mem_heavy,func_b.slice,0,0,0,0,0
1774418124.3100247,func_cpu_heavy_mem_heavy,func_c.slice,0,0,0,0,0
1774418124.8111897,func_cpu_light_mem_light,func_a.slice,0,0,0,0,0
1774418124.8111897,func_cpu_light_mem_heavy,func_b.slice,0,0,0,0,0
1774418124.8111897,func_cpu_heavy_mem_heavy,func_c.slice,0,0,0,0,0
1774418125.310876,func_cpu_light_mem_light,func_a.slice,0,0,0,0,0
1774418125.310876,func_cpu_light_mem_heavy,func_b.slice,0,0,0,0,0
1774418125.310876,func_cpu_heavy_mem_heavy,func_c.slice,0,0,0,0,0
1774418125.8113499,func_cpu_light_mem_light,func_a.slice,0,0,0,0,0
1774418125.8113499,func_cpu_light_mem_heavy,func_b.slice,0,0,0,0,0
1774418125.8113499,func_cpu_heavy_mem_heavy,func_c.slice,0,0,0,0,0
1774418126.3119626,func_cpu_light_mem_light,func_a.slice,0,0,0,0,0
1774418126.3119626,func_cpu_light_mem_heavy,func_b.slice,0,0,0,0,0
1774418126.3119626,func_cpu_heavy_mem_heavy,func_c.slice,0,0,0,0,0
1774418126.8121216,func_cpu_light_mem_light,func_a.slice,0,0,0,0,0
1774418126.8121216,func_cpu_light_mem_heavy,func_b.slice,0,0,0,0,0
1774418126.8121216,func_cpu_heavy_mem_heavy,func_c.slice,0,0,0,0,0
1774418127.3124645,func_cpu_light_mem_light,func_a.slice,0,0,0,0,0
1774418127.3124645,func_cpu_light_mem_heavy,func_b.slice,0,0,0,0,0
1774418127.3124645,func_cpu_heavy_mem_heavy,func_c.slice,0,0,0,0,0
1774418127.8129168,func_cpu_light_mem_light,func_a.slice,0,0,0,0,0
1774418127.8129168,func_cpu_light_mem_heavy,func_b.slice,0,0,0,0,0
1774418127.8129168,func_cpu_heavy_mem_heavy,func_c.slice,0,0,0,0,0
1774418128.3132703,func_cpu_light_mem_light,func_a.slice,0,0,0,0,0
1774418128.3132703,func_cpu_light_mem_heavy,func_b.slice,0,0,0,0,0
1774418128.3132703,func_cpu_heavy_mem_heavy,func_c.slice,0,0,0,0,0
1774418128.8139956,func_cpu_light_mem_light,func_a.slice,0,0,0,0,0
1774418128.8139956,func_cpu_light_mem_heavy,func_b.slice,0,0,0,0,0
1774418128.8139956,func_cpu_heavy_mem_heavy,func_c.slice,0,0,0,0,0
1774418129.3141804,func_cpu_light_mem_light,func_a.slice,0,0,0,0,0
1774418129.3141804,func_cpu_light_mem_heavy,func_b.slice,0,0,0,0,0
1774418129.3141804,func_cpu_heavy_mem_heavy,func_c.slice,0,0,0,0,0
1774418129.8142054,func_cpu_light_mem_light,func_a.slice,0,0,0,0,0
1774418129.8142054,func_cpu_light_mem_heavy,func_b.slice,0,0,0,0,0
1774418129.8142054,func_cpu_heavy_mem_heavy,func_c.slice,0,0,0,0,0
1774418130.3148687,func_cpu_light_mem_light,func_a.slice,0,0,0,0,0
1774418130.3148687,func_cpu_light_mem_heavy,func_b.slice,0,0,0,0,0
1774418130.3148687,func_cpu_heavy_mem_heavy,func_c.slice,0,0,0,0,0
1774418130.815347,func_cpu_light_mem_light,func_a.slice,0,0,0,0,0
1774418130.815347,func_cpu_light_mem_heavy,func_b.slice,0,0,0,0,0
1774418130.815347,func_cpu_heavy_mem_heavy,func_c.slice,0,0,0,0,0
1774418131.3153486,func_cpu_light_mem_light,func_a.slice,0,0,0,0,0
1774418131.3153486,func_cpu_light_mem_heavy,func_b.slice,0,0,0,0,0
1774418131.3153486,func_cpu_heavy_mem_heavy,func_c.slice,0,0,0,0,0
1774418131.8158748,func_cpu_light_mem_light,func_a.slice,0,0,0,0,0
1774418131.8158748,func_cpu_light_mem_heavy,func_b.slice,0,0,0,0,0
1774418131.8158748,func_cpu_heavy_mem_heavy,func_c.slice,0,0,0,0,0
1774418132.3160462,func_cpu_light_mem_light,func_a.slice,0,0,0,0,0
1774418132.3160462,func_cpu_light_mem_heavy,func_b.slice,0,0,0,0,0
1774418132.3160462,func_cpu_heavy_mem_heavy,func_c.slice,0,0,0,0,0
1774418132.8169198,func_cpu_light_mem_light,func_a.slice,0,0,0,0,0
1774418132.8169198,func_cpu_light_mem_heavy,func_b.slice,0,0,0,0,0
1774418132.8169198,func_cpu_heavy_mem_heavy,func_c.slice,0,0,0,0,0
1774418133.3168738,func_cpu_light_mem_light,func_a.slice,0,0,0,0,0
1774418133.3168738,func_cpu_light_mem_heavy,func_b.slice,0,0,0,0,0
1774418133.3168738,func_cpu_heavy_mem_heavy,func_c.slice,0,0,0,0,0
1774418133.8177886,func_cpu_light_mem_light,func_a.slice,0,0,0,0,0
1774418133.8177886,func_cpu_light_mem_heavy,func_b.slice,0,0,0,0,0
1774418133.8177886,func_cpu_heavy_mem_heavy,func_c.slice,0,0,0,0,0
1774418134.3176174,func_cpu_light_mem_light,func_a.slice,0,0,0,0,0
1774418134.3176174,func_cpu_light_mem_heavy,func_b.slice,0,0,0,0,0
1774418134.3176174,func_cpu_heavy_mem_heavy,func_c.slice,0,0,0,0,0
1774418134.817818,func_cpu_light_mem_light,func_a.slice,0,0,0,0,0
1774418134.817818,func_cpu_light_mem_heavy,func_b.slice,0,0,0,0,0
1774418134.817818,func_cpu_heavy_mem_heavy,func_c.slice,0,0,0,0,0
1774418135.318631,func_cpu_light_mem_light,func_a.slice,0,0,0,0,0
1774418135.318631,func_cpu_light_mem_heavy,func_b.slice,0,0,0,0,0
1774418135.318631,func_cpu_heavy_mem_heavy,func_c.slice,0,0,0,0,0
1774418135.8187888,func_cpu_light_mem_light,func_a.slice,0,0,0,0,0
1774418135.8187888,func_cpu_light_mem_heavy,func_b.slice,0,0,0,0,0
1774418135.8187888,func_cpu_heavy_mem_heavy,func_c.slice,0,0,0,0,0
1774418136.3190532,func_cpu_light_mem_light,func_a.slice,0,0,0,0,0
1774418136.3190532,func_cpu_light_mem_heavy,func_b.slice,0,0,0,0,0
1774418136.3190532,func_cpu_heavy_mem_heavy,func_c.slice,0,0,0,0,0
1774418136.8195975,func_cpu_light_mem_light,func_a.slice,0,0,0,0,0
1774418136.8195975,func_cpu_light_mem_heavy,func_b.slice,0,0,0,0,0
1774418136.8195975,func_cpu_heavy_mem_heavy,func_c.slice,0,0,0,0,0
1774418137.3197746,func_cpu_light_mem_light,func_a.slice,0,0,0,0,0
1774418137.3197746,func_cpu_light_mem_heavy,func_b.slice,0,0,0,0,0
1774418137.3197746,func_cpu_heavy_mem_heavy,func_c.slice,0,0,0,0,0
1774418137.8201585,func_cpu_light_mem_light,func_a.slice,0,0,0,0,0
1774418137.8201585,func_cpu_light_mem_heavy,func_b.slice,0,0,0,0,0
1774418137.8201585,func_cpu_heavy_mem_heavy,func_c.slice,0,0,0,0,0
1774418138.3204544,func_cpu_light_mem_light,func_a.slice,0,0,0,0,0
1774418138.3204544,func_cpu_light_mem_heavy,func_b.slice,0,0,0,0,0
1774418138.3204544,func_cpu_heavy_mem_heavy,func_c.slice,0,0,0,0,0
1774418138.8205867,func_cpu_light_mem_light,func_a.slice,0,0,0,0,0
1774418138.8205867,func_cpu_light_mem_heavy,func_b.slice,0,0,0,0,0
1774418138.8205867,func_cpu_heavy_mem_heavy,func_c.slice,0,0,0,0,0
1774418139.3213286,func_cpu_light_mem_light,func_a.slice,0,0,0,0,0
1774418139.3213286,func_cpu_light_mem_heavy,func_b.slice,0,0,0,0,0
1774418139.3213286,func_cpu_heavy_mem_heavy,func_c.slice,0,0,0,0,0
1774418139.8211646,func_cpu_light_mem_light,func_a.slice,0,0,0,0,0
1774418139.8211646,func_cpu_light_mem_heavy,func_b.slice,0,0,0,0,0
1774418139.8211646,func_cpu_heavy_mem_heavy,func_c.slice,0,0,0,0,0
1774418140.3215003,func_cpu_light_mem_light,func_a.slice,0,0,0,0,0
1774418140.3215003,func_cpu_light_mem_heavy,func_b.slice,0,0,0,0,0
1774418140.3215003,func_cpu_heavy_mem_heavy,func_c.slice,0,0,0,0,0
1774418140.8218527,func_cpu_light_mem_light,func_a.slice,0,0,0,0,0
1774418140.8218527,func_cpu_light_mem_heavy,func_b.slice,0,0,0,0,0
1774418140.8218527,func_cpu_heavy_mem_heavy,func_c.slice,0,0,0,0,0
1774418141.3224356,func_cpu_light_mem_light,func_a.slice,0,0,0,0,0
1774418141.3224356,func_cpu_light_mem_heavy,func_b.slice,0,0,0,0,0
1774418141.3224356,func_cpu_heavy_mem_heavy,func_c.slice,0,0,0,0,0
1774418141.8230872,func_cpu_light_mem_light,func_a.slice,0,0,0,0,0
1774418141.8230872,func_cpu_light_mem_heavy,func_b.slice,0,0,0,0,0
1774418141.8230872,func_cpu_heavy_mem_heavy,func_c.slice,0,0,0,0,0
1774418142.3232632,func_cpu_light_mem_light,func_a.slice,0,0,0,0,0
1774418142.3232632,func_cpu_light_mem_heavy,func_b.slice,0,0,0,0,0
1774418142.3232632,func_cpu_heavy_mem_heavy,func_c.slice,0,0,0,0,0
1774418142.8242242,func_cpu_light_mem_light,func_a.slice,0,0,0,0,0
1774418142.8242242,func_cpu_light_mem_heavy,func_b.slice,0,0,0,0,0
1774418142.8242242,func_cpu_heavy_mem_heavy,func_c.slice,0,0,0,0,0
1774418143.3247278,func_cpu_light_mem_light,func_a.slice,0,0,0,0,0
1774418143.3247278,func_cpu_light_mem_heavy,func_b.slice,0,0,0,0,0
1774418143.3247278,func_cpu_heavy_mem_heavy,func_c.slice,0,0,0,0,0
1774418143.8245919,func_cpu_light_mem_light,func_a.slice,0,0,0,0,0
1774418143.8245919,func_cpu_light_mem_heavy,func_b.slice,0,0,0,0,0
1774418143.8245919,func_cpu_heavy_mem_heavy,func_c.slice,0,0,0,0,0
1774418144.3252556,func_cpu_light_mem_light,func_a.slice,0,0,0,0,0
1774418144.3252556,func_cpu_light_mem_heavy,func_b.slice,0,0,0,0,0
1774418144.3252556,func_cpu_heavy_mem_heavy,func_c.slice,0,0,0,0,0
1774418144.8251476,func_cpu_light_mem_light,func_a.slice,0,0,0,0,0
1774418144.8251476,func_cpu_light_mem_heavy,func_b.slice,0,0,0,0,0
1774418144.8251476,func_cpu_heavy_mem_heavy,func_c.slice,0,0,0,0,0
1774418145.3254857,func_cpu_light_mem_light,func_a.slice,0,0,0,0,0
1774418145.3254857,func_cpu_light_mem_heavy,func_b.slice,0,0,0,0,0
1774418145.3254857,func_cpu_heavy_mem_heavy,func_c.slice,0,0,0,0,0
1774418145.826448,func_cpu_light_mem_light,func_a.slice,0,0,0,0,0
1774418145.826448,func_cpu_light_mem_heavy,func_b.slice,0,0,0,0,0
1774418145.826448,func_cpu_heavy_mem_heavy,func_c.slice,0,0,0,0,0
1774418146.327243,func_cpu_light_mem_light,func_a.slice,0,0,0,0,0
1774418146.327243,func_cpu_light_mem_heavy,func_b.slice,0,0,0,0,0
1774418146.327243,func_cpu_heavy_mem_heavy,func_c.slice,0,0,0,0,0
1774418146.82717,func_cpu_light_mem_light,func_a.slice,0,0,0,0,0
1774418146.82717,func_cpu_light_mem_heavy,func_b.slice,0,0,0,0,0
1774418146.82717,func_cpu_heavy_mem_heavy,func_c.slice,0,0,0,0,0
1774418147.3271215,func_cpu_light_mem_light,func_a.slice,0,0,0,0,0
1774418147.3271215,func_cpu_light_mem_heavy,func_b.slice,0,0,0,0,0
1774418147.3271215,func_cpu_heavy_mem_heavy,func_c.slice,0,0,0,0,0
1774418147.827621,func_cpu_light_mem_light,func_a.slice,0,0,0,0,0
1774418147.827621,func_cpu_light_mem_heavy,func_b.slice,0,0,0,0,0
1774418147.827621,func_cpu_heavy_mem_heavy,func_c.slice,0,0,0,0,0
1774418148.3278754,func_cpu_light_mem_light,func_a.slice,0,0,0,0,0
1774418148.3278754,func_cpu_light_mem_heavy,func_b.slice,0,0,0,0,0
1774418148.3278754,func_cpu_heavy_mem_heavy,func_c.slice,0,0,0,0,0
1774418148.8282132,func_cpu_light_mem_light,func_a.slice,0,0,0,0,0
1774418148.8282132,func_cpu_light_mem_heavy,func_b.slice,0,0,0,0,0
1774418148.8282132,func_cpu_heavy_mem_heavy,func_c.slice,0,0,0,0,0
1774418149.3288608,func_cpu_light_mem_light,func_a.slice,0,0,0,0,0
1774418149.3288608,func_cpu_light_mem_heavy,func_b.slice,0,0,0,0,0
1774418149.3288608,func_cpu_heavy_mem_heavy,func_c.slice,0,0,0,0,0
1774418149.8295562,func_cpu_light_mem_light,func_a.slice,0,0,0,0,0
1774418149.8295562,func_cpu_light_mem_heavy,func_b.slice,0,0,0,0,0
1774418149.8295562,func_cpu_heavy_mem_heavy,func_c.slice,0,0,0,0,0
1774418150.3293557,func_cpu_light_mem_light,func_a.slice,0,0,0,0,0
1774418150.3293557,func_cpu_light_mem_heavy,func_b.slice,0,0,0,0,0
1774418150.3293557,func_cpu_heavy_mem_heavy,func_c.slice,0,0,0,0,0
1774418150.8296843,func_cpu_light_mem_light,func_a.slice,0,0,0,0,0
1774418150.8296843,func_cpu_light_mem_heavy,func_b.slice,0,0,0,0,0
1774418150.8296843,func_cpu_heavy_mem_heavy,func_c.slice,0,0,0,0,0
1774418151.3300323,func_cpu_light_mem_light,func_a.slice,0,0,0,0,0
1774418151.3300323,func_cpu_light_mem_heavy,func_b.slice,0,0,0,0,0
1774418151.3300323,func_cpu_heavy_mem_heavy,func_c.slice,0,0,0,0,0
1774418151.8307211,func_cpu_light_mem_light,func_a.slice,0,0,0,0,0
1774418151.8307211,func_cpu_light_mem_heavy,func_b.slice,0,0,0,0,0
1774418151.8307211,func_cpu_heavy_mem_heavy,func_c.slice,0,0,0,0,0
1774418152.3313115,func_cpu_light_mem_light,func_a.slice,0,0,0,0,0
1774418152.3313115,func_cpu_light_mem_heavy,func_b.slice,0,0,0,0,0
1774418152.3313115,func_cpu_heavy_mem_heavy,func_c.slice,0,0,0,0,0
1774418152.8316386,func_cpu_light_mem_light,func_a.slice,0,0,0,0,0
1774418152.8316386,func_cpu_light_mem_heavy,func_b.slice,0,0,0,0,0
1774418152.8316386,func_cpu_heavy_mem_heavy,func_c.slice,0,0,0,0,0
1774418153.331871,func_cpu_light_mem_light,func_a.slice,0,0,0,0,0
1774418153.331871,func_cpu_light_mem_heavy,func_b.slice,0,0,0,0,0
1774418153.331871,func_cpu_heavy_mem_heavy,func_c.slice,0,0,0,0,0
1774418153.8322732,func_cpu_light_mem_light,func_a.slice,0,0,0,0,0
1774418153.8322732,func_cpu_light_mem_heavy,func_b.slice,0,0,0,0,0
1774418153.8322732,func_cpu_heavy_mem_heavy,func_c.slice,0,0,0,0,0
1774418154.332444,func_cpu_light_mem_light,func_a.slice,0,0,0,0,0
1774418154.332444,func_cpu_light_mem_heavy,func_b.slice,0,0,0,0,0
1774418154.332444,func_cpu_heavy_mem_heavy,func_c.slice,0,0,0,0,0
1774418154.832866,func_cpu_light_mem_light,func_a.slice,0,0,0,0,0
1774418154.832866,func_cpu_light_mem_heavy,func_b.slice,0,0,0,0,0
1774418154.832866,func_cpu_heavy_mem_heavy,func_c.slice,0,0,0,0,0
1774418155.3334641,func_cpu_light_mem_light,func_a.slice,0,0,0,0,0
1774418155.3334641,func_cpu_light_mem_heavy,func_b.slice,0,0,0,0,0
1774418155.3334641,func_cpu_heavy_mem_heavy,func_c.slice,0,0,0,0,0
1774418155.833575,func_cpu_light_mem_light,func_a.slice,0,0,0,0,0
1774418155.833575,func_cpu_light_mem_heavy,func_b.slice,0,0,0,0,0
1774418155.833575,func_cpu_heavy_mem_heavy,func_c.slice,0,0,0,0,0
1774418156.334113,func_cpu_light_mem_light,func_a.slice,0,0,0,0,0
1774418156.334113,func_cpu_light_mem_heavy,func_b.slice,0,0,0,0,0
1774418156.334113,func_cpu_heavy_mem_heavy,func_c.slice,0,0,0,0,0
1774418156.8346744,func_cpu_light_mem_light,func_a.slice,0,0,0,0,0
1774418156.8346744,func_cpu_light_mem_heavy,func_b.slice,0,0,0,0,0
1774418156.8346744,func_cpu_heavy_mem_heavy,func_c.slice,0,0,0,0,0
1774418157.334708,func_cpu_light_mem_light,func_a.slice,0,0,0,0,0
1774418157.334708,func_cpu_light_mem_heavy,func_b.slice,0,0,0,0,0
1774418157.334708,func_cpu_heavy_mem_heavy,func_c.slice,0,0,0,0,0
1774418157.835276,func_cpu_light_mem_light,func_a.slice,0,0,0,0,0
1774418157.835276,func_cpu_light_mem_heavy,func_b.slice,0,0,0,0,0
1774418157.835276,func_cpu_heavy_mem_heavy,func_c.slice,0,0,0,0,0
1774418158.33582,func_cpu_light_mem_light,func_a.slice,0,0,0,0,0
1774418158.33582,func_cpu_light_mem_heavy,func_b.slice,0,0,0,0,0
1774418158.33582,func_cpu_heavy_mem_heavy,func_c.slice,0,0,0,0,0
1774418158.8362718,func_cpu_light_mem_light,func_a.slice,0,0,0,0,0
1774418158.8362718,func_cpu_light_mem_heavy,func_b.slice,0,0,0,0,0
1774418158.8362718,func_cpu_heavy_mem_heavy,func_c.slice,0,0,0,0,0
1774418159.3361244,func_cpu_light_mem_light,func_a.slice,0,0,0,0,0
1774418159.3361244,func_cpu_light_mem_heavy,func_b.slice,0,0,0,0,0
1774418159.3361244,func_cpu_heavy_mem_heavy,func_c.slice,0,0,0,0,0
1774418159.8364902,func_cpu_light_mem_light,func_a.slice,0,0,0,0,0
1774418159.8364902,func_cpu_light_mem_heavy,func_b.slice,0,0,0,0,0
1774418159.8364902,func_cpu_heavy_mem_heavy,func_c.slice,0,0,0,0,0
1774418160.3373127,func_cpu_light_mem_light,func_a.slice,0,0,0,0,0
1774418160.3373127,func_cpu_light_mem_heavy,func_b.slice,0,0,0,0,0
1774418160.3373127,func_cpu_heavy_mem_heavy,func_c.slice,0,0,0,0,0
1774418160.8376524,func_cpu_light_mem_light,func_a.slice,0,0,0,0,0
1774418160.8376524,func_cpu_light_mem_heavy,func_b.slice,0,0,0,0,0
1774418160.8376524,func_cpu_heavy_mem_heavy,func_c.slice,0,0,0,0,0
1774418161.3377573,func_cpu_light_mem_light,func_a.slice,0,0,0,0,0
1774418161.3377573,func_cpu_light_mem_heavy,func_b.slice,0,0,0,0,0
1774418161.3377573,func_cpu_heavy_mem_heavy,func_c.slice,0,0,0,0,0
1774418161.8382468,func_cpu_light_mem_light,func_a.slice,0,0,0,0,0
1774418161.8382468,func_cpu_light_mem_heavy,func_b.slice,0,0,0,0,0
1774418161.8382468,func_cpu_heavy_mem_heavy,func_c.slice,0,0,0,0,0
1774418162.3390567,func_cpu_light_mem_light,func_a.slice,0,0,0,0,0
1774418162.3390567,func_cpu_light_mem_heavy,func_b.slice,0,0,0,0,0
1774418162.3390567,func_cpu_heavy_mem_heavy,func_c.slice,0,0,0,0,0
1774418162.8388598,func_cpu_light_mem_light,func_a.slice,0,0,0,0,0
1774418162.8388598,func_cpu_light_mem_heavy,func_b.slice,0,0,0,0,0
1774418162.8388598,func_cpu_heavy_mem_heavy,func_c.slice,0,0,0,0,0
1774418163.3390803,func_cpu_light_mem_light,func_a.slice,0,0,0,0,0
1774418163.3390803,func_cpu_light_mem_heavy,func_b.slice,0,0,0,0,0
1774418163.3390803,func_cpu_heavy_mem_heavy,func_c.slice,0,0,0,0,0
1774418163.8391435,func_cpu_light_mem_light,func_a.slice,0,0,0,0,0
1774418163.8391435,func_cpu_light_mem_heavy,func_b.slice,0,0,0,0,0
1774418163.8391435,func_cpu_heavy_mem_heavy,func_c.slice,0,0,0,0,0
1774418164.3395376,func_cpu_light_mem_light,func_a.slice,0,0,0,0,0
1774418164.3395376,func_cpu_light_mem_heavy,func_b.slice,0,0,0,0,0
1774418164.3395376,func_cpu_heavy_mem_heavy,func_c.slice,0,0,0,0,0
1774418164.8399315,func_cpu_light_mem_light,func_a.slice,0,0,0,0,0
1774418164.8399315,func_cpu_light_mem_heavy,func_b.slice,0,0,0,0,0
1774418164.8399315,func_cpu_heavy_mem_heavy,func_c.slice,0,0,0,0,0
1774418165.3402336,func_cpu_light_mem_light,func_a.slice,0,0,0,0,0
1774418165.3402336,func_cpu_light_mem_heavy,func_b.slice,0,0,0,0,0
1774418165.3402336,func_cpu_heavy_mem_heavy,func_c.slice,0,0,0,0,0
1774418165.840559,func_cpu_light_mem_light,func_a.slice,0,0,0,0,0
1774418165.840559,func_cpu_light_mem_heavy,func_b.slice,0,0,0,0,0
1774418165.840559,func_cpu_heavy_mem_heavy,func_c.slice,0,0,0,0,0
1774418166.3412566,func_cpu_light_mem_light,func_a.slice,0,0,0,0,0
1774418166.3412566,func_cpu_light_mem_heavy,func_b.slice,0,0,0,0,0
1774418166.3412566,func_cpu_heavy_mem_heavy,func_c.slice,0,0,0,0,0
1774418166.8417022,func_cpu_light_mem_light,func_a.slice,0,0,0,0,0
1774418166.8417022,func_cpu_light_mem_heavy,func_b.slice,0,0,0,0,0
1774418166.8417022,func_cpu_heavy_mem_heavy,func_c.slice,0,0,0,0,0
1774418167.34148,func_cpu_light_mem_light,func_a.slice,0,0,0,0,0
1774418167.34148,func_cpu_light_mem_heavy,func_b.slice,0,0,0,0,0
1774418167.34148,func_cpu_heavy_mem_heavy,func_c.slice,0,0,0,0,0
1774418167.841851,func_cpu_light_mem_light,func_a.slice,0,0,0,0,0
1774418167.841851,func_cpu_light_mem_heavy,func_b.slice,0,0,0,0,0
1774418167.841851,func_cpu_heavy_mem_heavy,func_c.slice,0,0,0,0,0
1774418168.3420987,func_cpu_light_mem_light,func_a.slice,0,0,0,0,0
1774418168.3420987,func_cpu_light_mem_heavy,func_b.slice,0,0,0,0,0
1774418168.3420987,func_cpu_heavy_mem_heavy,func_c.slice,0,0,0,0,0
1774418168.8425577,func_cpu_light_mem_light,func_a.slice,0,0,0,0,0
1774418168.8425577,func_cpu_light_mem_heavy,func_b.slice,0,0,0,0,0
1774418168.8425577,func_cpu_heavy_mem_heavy,func_c.slice,0,0,0,0,0
1774418169.3429322,func_cpu_light_mem_light,func_a.slice,0,0,0,0,0
1774418169.3429322,func_cpu_light_mem_heavy,func_b.slice,0,0,0,0,0
1774418169.3429322,func_cpu_heavy_mem_heavy,func_c.slice,0,0,0,0,0
1774418169.843287,func_cpu_light_mem_light,func_a.slice,0,0,0,0,0
1774418169.843287,func_cpu_light_mem_heavy,func_b.slice,0,0,0,0,0
1774418169.843287,func_cpu_heavy_mem_heavy,func_c.slice,0,0,0,0,0
1774418170.3438835,func_cpu_light_mem_light,func_a.slice,0,0,0,0,0
1774418170.3438835,func_cpu_light_mem_heavy,func_b.slice,0,0,0,0,0
1774418170.3438835,func_cpu_heavy_mem_heavy,func_c.slice,0,0,0,0,0
1774418170.8436434,func_cpu_light_mem_light,func_a.slice,0,0,0,0,0
1774418170.8436434,func_cpu_light_mem_heavy,func_b.slice,0,0,0,0,0
1774418170.8436434,func_cpu_heavy_mem_heavy,func_c.slice,0,0,0,0,0
1774418171.3438594,func_cpu_light_mem_light,func_a.slice,0,0,0,0,0
1774418171.3438594,func_cpu_light_mem_heavy,func_b.slice,0,0,0,0,0
1774418171.3438594,func_cpu_heavy_mem_heavy,func_c.slice,0,0,0,0,0
1774418171.8441613,func_cpu_light_mem_light,func_a.slice,0,0,0,0,0
1774418171.8441613,func_cpu_light_mem_heavy,func_b.slice,0,0,0,0,0
1774418171.8441613,func_cpu_heavy_mem_heavy,func_c.slice,0,0,0,0,0
1774418172.3445003,func_cpu_light_mem_light,func_a.slice,0,0,0,0,0
1774418172.3445003,func_cpu_light_mem_heavy,func_b.slice,0,0,0,0,0
1774418172.3445003,func_cpu_heavy_mem_heavy,func_c.slice,0,0,0,0,0
1774418172.8452055,func_cpu_light_mem_light,func_a.slice,0,0,0,0,0
1774418172.8452055,func_cpu_light_mem_heavy,func_b.slice,0,0,0,0,0
1774418172.8452055,func_cpu_heavy_mem_heavy,func_c.slice,0,0,0,0,0
1774418173.3452554,func_cpu_light_mem_light,func_a.slice,0,0,0,0,0
1774418173.3452554,func_cpu_light_mem_heavy,func_b.slice,0,0,0,0,0
1774418173.3452554,func_cpu_heavy_mem_heavy,func_c.slice,0,0,0,0,0
1774418173.8458338,func_cpu_light_mem_light,func_a.slice,0,0,0,0,0
1774418173.8458338,func_cpu_light_mem_heavy,func_b.slice,0,0,0,0,0
1774418173.8458338,func_cpu_heavy_mem_heavy,func_c.slice,0,0,0,0,0
1774418174.346913,func_cpu_light_mem_light,func_a.slice,0,0,0,0,0
1774418174.346913,func_cpu_light_mem_heavy,func_b.slice,0,0,0,0,0
1774418174.346913,func_cpu_heavy_mem_heavy,func_c.slice,0,0,0,0,0
1774418174.8467443,func_cpu_light_mem_light,func_a.slice,0,0,0,0,0
1774418174.8467443,func_cpu_light_mem_heavy,func_b.slice,0,0,0,0,0
1774418174.8467443,func_cpu_heavy_mem_heavy,func_c.slice,0,0,0,0,0
1774418175.3471828,func_cpu_light_mem_light,func_a.slice,0,0,0,0,0
1774418175.3471828,func_cpu_light_mem_heavy,func_b.slice,0,0,0,0,0
1774418175.3471828,func_cpu_heavy_mem_heavy,func_c.slice,0,0,0,0,0
1774418175.8473215,func_cpu_light_mem_light,func_a.slice,0,0,0,0,0
1774418175.8473215,func_cpu_light_mem_heavy,func_b.slice,0,0,0,0,0
1774418175.8473215,func_cpu_heavy_mem_heavy,func_c.slice,0,0,0,0,0
1774418176.348089,func_cpu_light_mem_light,func_a.slice,0,0,0,0,0
1774418176.348089,func_cpu_light_mem_heavy,func_b.slice,0,0,0,0,0
1774418176.348089,func_cpu_heavy_mem_heavy,func_c.slice,0,0,0,0,0
1774418176.848864,func_cpu_light_mem_light,func_a.slice,0,0,0,0,0
1774418176.848864,func_cpu_light_mem_heavy,func_b.slice,0,0,0,0,0
1774418176.848864,func_cpu_heavy_mem_heavy,func_c.slice,0,0,0,0,0
1774418177.3487546,func_cpu_light_mem_light,func_a.slice,0,0,0,0,0
1774418177.3487546,func_cpu_light_mem_heavy,func_b.slice,0,0,0,0,0
1774418177.3487546,func_cpu_heavy_mem_heavy,func_c.slice,0,0,0,0,0
1774418177.849299,func_cpu_light_mem_light,func_a.slice,0,0,0,0,0
1774418177.849299,func_cpu_light_mem_heavy,func_b.slice,0,0,0,0,0
1774418177.849299,func_cpu_heavy_mem_heavy,func_c.slice,0,0,0,0,0
1774418178.3495367,func_cpu_light_mem_light,func_a.slice,0,0,0,0,0
1774418178.3495367,func_cpu_light_mem_heavy,func_b.slice,0,0,0,0,0
1774418178.3495367,func_cpu_heavy_mem_heavy,func_c.slice,0,0,0,0,0
1774418178.8508782,func_cpu_light_mem_light,func_a.slice,0,0,0,0,0
1774418178.8508782,func_cpu_light_mem_heavy,func_b.slice,0,0,0,0,0
1774418178.8508782,func_cpu_heavy_mem_heavy,func_c.slice,0,0,0,0,0
1774418179.3507495,func_cpu_light_mem_light,func_a.slice,0,0,0,0,0
1774418179.3507495,func_cpu_light_mem_heavy,func_b.slice,0,0,0,0,0
1774418179.3507495,func_cpu_heavy_mem_heavy,func_c.slice,0,0,0,0,0
1774418179.8509376,func_cpu_light_mem_light,func_a.slice,0,0,0,0,0
1774418179.8509376,func_cpu_light_mem_heavy,func_b.slice,0,0,0,0,0
1774418179.8509376,func_cpu_heavy_mem_heavy,func_c.slice,0,0,0,0,0
1774418180.351136,func_cpu_light_mem_light,func_a.slice,0,0,0,0,0
1774418180.351136,func_cpu_light_mem_heavy,func_b.slice,0,0,0,0,0
1774418180.351136,func_cpu_heavy_mem_heavy,func_c.slice,0,0,0,0,0
1774418180.8518505,func_cpu_light_mem_light,func_a.slice,0,0,0,0,0
1774418180.8518505,func_cpu_light_mem_heavy,func_b.slice,0,0,0,0,0
1774418180.8518505,func_cpu_heavy_mem_heavy,func_c.slice,0,0,0,0,0
1774418181.3518348,func_cpu_light_mem_light,func_a.slice,0,0,0,0,0
1774418181.3518348,func_cpu_light_mem_heavy,func_b.slice,0,0,0,0,0
1774418181.3518348,func_cpu_heavy_mem_heavy,func_c.slice,0,0,0,0,0
1774418181.8521118,func_cpu_light_mem_light,func_a.slice,0,0,0,0,0
1774418181.8521118,func_cpu_light_mem_heavy,func_b.slice,0,0,0,0,0
1774418181.8521118,func_cpu_heavy_mem_heavy,func_c.slice,0,0,0,0,0
1774418182.352425,func_cpu_light_mem_light,func_a.slice,0,0,0,0,0
1774418182.352425,func_cpu_light_mem_heavy,func_b.slice,0,0,0,0,0
1774418182.352425,func_cpu_heavy_mem_heavy,func_c.slice,0,0,0,0,0
1774418182.8529284,func_cpu_light_mem_light,func_a.slice,0,0,0,0,0
1774418182.8529284,func_cpu_light_mem_heavy,func_b.slice,0,0,0,0,0
1774418182.8529284,func_cpu_heavy_mem_heavy,func_c.slice,0,0,0,0,0
1774418183.353302,func_cpu_light_mem_light,func_a.slice,0,0,0,0,0
1774418183.353302,func_cpu_light_mem_heavy,func_b.slice,0,0,0,0,0
1774418183.353302,func_cpu_heavy_mem_heavy,func_c.slice,0,0,0,0,0
1774418183.853563,func_cpu_light_mem_light,func_a.slice,0,0,0,0,0
1774418183.853563,func_cpu_light_mem_heavy,func_b.slice,0,0,0,0,0
1774418183.853563,func_cpu_heavy_mem_heavy,func_c.slice,0,0,0,0,0
1774418184.3546813,func_cpu_light_mem_light,func_a.slice,0,0,0,0,0
1774418184.3546813,func_cpu_light_mem_heavy,func_b.slice,0,0,0,0,0
1774418184.3546813,func_cpu_heavy_mem_heavy,func_c.slice,0,0,0,0,0
1774418184.8540797,func_cpu_light_mem_light,func_a.slice,0,0,0,0,0
1774418184.8540797,func_cpu_light_mem_heavy,func_b.slice,0,0,0,0,0
1774418184.8540797,func_cpu_heavy_mem_heavy,func_c.slice,0,0,0,0,0
1774418185.3546839,func_cpu_light_mem_light,func_a.slice,0,0,0,0,0
1774418185.3546839,func_cpu_light_mem_heavy,func_b.slice,0,0,0,0,0
1774418185.3546839,func_cpu_heavy_mem_heavy,func_c.slice,0,0,0,0,0
1774418185.8552687,func_cpu_light_mem_light,func_a.slice,0,0,0,0,0
1774418185.8552687,func_cpu_light_mem_heavy,func_b.slice,0,0,0,0,0
1774418185.8552687,func_cpu_heavy_mem_heavy,func_c.slice,0,0,0,0,0
1774418186.3560984,func_cpu_light_mem_light,func_a.slice,0,0,0,0,0
1774418186.3560984,func_cpu_light_mem_heavy,func_b.slice,0,0,0,0,0
1774418186.3560984,func_cpu_heavy_mem_heavy,func_c.slice,0,0,0,0,0
1774418186.8560731,func_cpu_light_mem_light,func_a.slice,0,0,0,0,0
1774418186.8560731,func_cpu_light_mem_heavy,func_b.slice,0,0,0,0,0
1774418186.8560731,func_cpu_heavy_mem_heavy,func_c.slice,0,0,0,0,0
1774418187.356401,func_cpu_light_mem_light,func_a.slice,0,0,0,0,0
1774418187.356401,func_cpu_light_mem_heavy,func_b.slice,0,0,0,0,0
1774418187.356401,func_cpu_heavy_mem_heavy,func_c.slice,0,0,0,0,0
1774418187.8566074,func_cpu_light_mem_light,func_a.slice,0,0,0,0,0
1774418187.8566074,func_cpu_light_mem_heavy,func_b.slice,0,0,0,0,0
1774418187.8566074,func_cpu_heavy_mem_heavy,func_c.slice,0,0,0,0,0
1774418188.3572478,func_cpu_light_mem_light,func_a.slice,0,0,0,0,0
1774418188.3572478,func_cpu_light_mem_heavy,func_b.slice,0,0,0,0,0
1774418188.3572478,func_cpu_heavy_mem_heavy,func_c.slice,0,0,0,0,0
1774418188.8575265,func_cpu_light_mem_light,func_a.slice,0,0,0,0,0
1774418188.8575265,func_cpu_light_mem_heavy,func_b.slice,0,0,0,0,0
1774418188.8575265,func_cpu_heavy_mem_heavy,func_c.slice,0,0,0,0,0
1774418189.3578467,func_cpu_light_mem_light,func_a.slice,0,0,0,0,0
1774418189.3578467,func_cpu_light_mem_heavy,func_b.slice,0,0,0,0,0
1774418189.3578467,func_cpu_heavy_mem_heavy,func_c.slice,0,0,0,0,0
1774418189.8581476,func_cpu_light_mem_light,func_a.slice,0,0,0,0,0
1774418189.8581476,func_cpu_light_mem_heavy,func_b.slice,0,0,0,0,0
1774418189.8581476,func_cpu_heavy_mem_heavy,func_c.slice,0,0,0,0,0
1774418190.3583698,func_cpu_light_mem_light,func_a.slice,0,0,0,0,0
1774418190.3583698,func_cpu_light_mem_heavy,func_b.slice,0,0,0,0,0
1774418190.3583698,func_cpu_heavy_mem_heavy,func_c.slice,0,0,0,0,0
1774418190.8587208,func_cpu_light_mem_light,func_a.slice,0,0,0,0,0
1774418190.8587208,func_cpu_light_mem_heavy,func_b.slice,0,0,0,0,0
1774418190.8587208,func_cpu_heavy_mem_heavy,func_c.slice,0,0,0,0,0
1774418191.359239,func_cpu_light_mem_light,func_a.slice,0,0,0,0,0
1774418191.359239,func_cpu_light_mem_heavy,func_b.slice,0,0,0,0,0
1774418191.359239,func_cpu_heavy_mem_heavy,func_c.slice,0,0,0,0,0
1774418191.85928,func_cpu_light_mem_light,func_a.slice,0,0,0,0,0
1774418191.85928,func_cpu_light_mem_heavy,func_b.slice,0,0,0,0,0
1774418191.85928,func_cpu_heavy_mem_heavy,func_c.slice,0,0,0,0,0
1774418192.3600492,func_cpu_light_mem_light,func_a.slice,0,0,0,0,0
1774418192.3600492,func_cpu_light_mem_heavy,func_b.slice,0,0,0,0,0
1774418192.3600492,func_cpu_heavy_mem_heavy,func_c.slice,0,0,0,0,0
1774418192.860277,func_cpu_light_mem_light,func_a.slice,0,0,0,0,0
1774418192.860277,func_cpu_light_mem_heavy,func_b.slice,0,0,0,0,0
1774418192.860277,func_cpu_heavy_mem_heavy,func_c.slice,0,0,0,0,0
1774418193.3606708,func_cpu_light_mem_light,func_a.slice,0,0,0,0,0
1774418193.3606708,func_cpu_light_mem_heavy,func_b.slice,0,0,0,0,0
1774418193.3606708,func_cpu_heavy_mem_heavy,func_c.slice,0,0,0,0,0
1774418193.8611436,func_cpu_light_mem_light,func_a.slice,0,0,0,0,0
1774418193.8611436,func_cpu_light_mem_heavy,func_b.slice,0,0,0,0,0
1774418193.8611436,func_cpu_heavy_mem_heavy,func_c.slice,0,0,0,0,0
1774418194.3613534,func_cpu_light_mem_light,func_a.slice,0,0,0,0,0
1774418194.3613534,func_cpu_light_mem_heavy,func_b.slice,0,0,0,0,0
1774418194.3613534,func_cpu_heavy_mem_heavy,func_c.slice,0,0,0,0,0
1774418194.8616886,func_cpu_light_mem_light,func_a.slice,0,0,0,0,0
1774418194.8616886,func_cpu_light_mem_heavy,func_b.slice,0,0,0,0,0
1774418194.8616886,func_cpu_heavy_mem_heavy,func_c.slice,0,0,0,0,0
1774418195.3628702,func_cpu_light_mem_light,func_a.slice,0,0,0,0,0
1774418195.3628702,func_cpu_light_mem_heavy,func_b.slice,0,0,0,0,0
1774418195.3628702,func_cpu_heavy_mem_heavy,func_c.slice,0,0,0,0,0
1774418195.8628001,func_cpu_light_mem_light,func_a.slice,0,0,0,0,0
1774418195.8628001,func_cpu_light_mem_heavy,func_b.slice,0,0,0,0,0
1774418195.8628001,func_cpu_heavy_mem_heavy,func_c.slice,0,0,0,0,0
1774418196.3633175,func_cpu_light_mem_light,func_a.slice,0,0,0,0,0
1774418196.3633175,func_cpu_light_mem_heavy,func_b.slice,0,0,0,0,0
1774418196.3633175,func_cpu_heavy_mem_heavy,func_c.slice,0,0,0,0,0
1774418196.8633552,func_cpu_light_mem_light,func_a.slice,0,0,0,0,0
1774418196.8633552,func_cpu_light_mem_heavy,func_b.slice,0,0,0,0,0
1774418196.8633552,func_cpu_heavy_mem_heavy,func_c.slice,0,0,0,0,0
1774418197.3634531,func_cpu_light_mem_light,func_a.slice,0,0,0,0,0
1774418197.3634531,func_cpu_light_mem_heavy,func_b.slice,0,0,0,0,0
1774418197.3634531,func_cpu_heavy_mem_heavy,func_c.slice,0,0,0,0,0
1774418197.8638232,func_cpu_light_mem_light,func_a.slice,0,0,0,0,0
1774418197.8638232,func_cpu_light_mem_heavy,func_b.slice,0,0,0,0,0
1774418197.8638232,func_cpu_heavy_mem_heavy,func_c.slice,0,0,0,0,0
1774418198.3641577,func_cpu_light_mem_light,func_a.slice,0,0,0,0,0
1774418198.3641577,func_cpu_light_mem_heavy,func_b.slice,0,0,0,0,0
1774418198.3641577,func_cpu_heavy_mem_heavy,func_c.slice,0,0,0,0,0
1774418198.864727,func_cpu_light_mem_light,func_a.slice,0,0,0,0,0
1774418198.864727,func_cpu_light_mem_heavy,func_b.slice,0,0,0,0,0
1774418198.864727,func_cpu_heavy_mem_heavy,func_c.slice,0,0,0,0,0
1774418199.3653677,func_cpu_light_mem_light,func_a.slice,0,0,0,0,0
1774418199.3653677,func_cpu_light_mem_heavy,func_b.slice,0,0,0,0,0
1774418199.3653677,func_cpu_heavy_mem_heavy,func_c.slice,0,0,0,0,0
1774418199.86574,func_cpu_light_mem_light,func_a.slice,0,0,0,0,0
1774418199.86574,func_cpu_light_mem_heavy,func_b.slice,0,0,0,0,0
1774418199.86574,func_cpu_heavy_mem_heavy,func_c.slice,0,0,0,0,0
1774418200.366114,func_cpu_light_mem_light,func_a.slice,0,0,0,0,0
1774418200.366114,func_cpu_light_mem_heavy,func_b.slice,0,0,0,0,0
1774418200.366114,func_cpu_heavy_mem_heavy,func_c.slice,0,0,0,0,0
1774418200.8663847,func_cpu_light_mem_light,func_a.slice,0,0,0,0,0
1774418200.8663847,func_cpu_light_mem_heavy,func_b.slice,0,0,0,0,0
1774418200.8663847,func_cpu_heavy_mem_heavy,func_c.slice,0,0,0,0,0
1774418201.3664374,func_cpu_light_mem_light,func_a.slice,0,0,0,0,0
1774418201.3664374,func_cpu_light_mem_heavy,func_b.slice,0,0,0,0,0
1774418201.3664374,func_cpu_heavy_mem_heavy,func_c.slice,0,0,0,0,0
1774418201.8671389,func_cpu_light_mem_light,func_a.slice,0,0,0,0,0
1774418201.8671389,func_cpu_light_mem_heavy,func_b.slice,0,0,0,0,0
1774418201.8671389,func_cpu_heavy_mem_heavy,func_c.slice,0,0,0,0,0
1774418202.3670988,func_cpu_light_mem_light,func_a.slice,0,0,0,0,0
1774418202.3670988,func_cpu_light_mem_heavy,func_b.slice,0,0,0,0,0
1774418202.3670988,func_cpu_heavy_mem_heavy,func_c.slice,0,0,0,0,0
1774418202.867477,func_cpu_light_mem_light,func_a.slice,0,0,0,0,0
1774418202.867477,func_cpu_light_mem_heavy,func_b.slice,0,0,0,0,0
1774418202.867477,func_cpu_heavy_mem_heavy,func_c.slice,0,0,0,0,0
1774418203.3679924,func_cpu_light_mem_light,func_a.slice,0,0,0,0,0
1774418203.3679924,func_cpu_light_mem_heavy,func_b.slice,0,0,0,0,0
1774418203.3679924,func_cpu_heavy_mem_heavy,func_c.slice,0,0,0,0,0
1774418203.8682566,func_cpu_light_mem_light,func_a.slice,0,0,0,0,0
1774418203.8682566,func_cpu_light_mem_heavy,func_b.slice,0,0,0,0,0
1774418203.8682566,func_cpu_heavy_mem_heavy,func_c.slice,0,0,0,0,0
1774418204.3689108,func_cpu_light_mem_light,func_a.slice,0,0,0,0,0
1774418204.3689108,func_cpu_light_mem_heavy,func_b.slice,0,0,0,0,0
1774418204.3689108,func_cpu_heavy_mem_heavy,func_c.slice,0,0,0,0,0
1774418204.8689578,func_cpu_light_mem_light,func_a.slice,0,0,0,0,0
1774418204.8689578,func_cpu_light_mem_heavy,func_b.slice,0,0,0,0,0
1774418204.8689578,func_cpu_heavy_mem_heavy,func_c.slice,0,0,0,0,0
1774418205.3696108,func_cpu_light_mem_light,func_a.slice,0,0,0,0,0
1774418205.3696108,func_cpu_light_mem_heavy,func_b.slice,0,0,0,0,0
1774418205.3696108,func_cpu_heavy_mem_heavy,func_c.slice,0,0,0,0,0
1774418205.869668,func_cpu_light_mem_light,func_a.slice,0,0,0,0,0
1774418205.869668,func_cpu_light_mem_heavy,func_b.slice,0,0,0,0,0
1774418205.869668,func_cpu_heavy_mem_heavy,func_c.slice,0,0,0,0,0
1774418206.3700705,func_cpu_light_mem_light,func_a.slice,0,0,0,0,0
1774418206.3700705,func_cpu_light_mem_heavy,func_b.slice,0,0,0,0,0
1774418206.3700705,func_cpu_heavy_mem_heavy,func_c.slice,0,0,0,0,0
1774418206.8705788,func_cpu_light_mem_light,func_a.slice,0,0,0,0,0
1774418206.8705788,func_cpu_light_mem_heavy,func_b.slice,0,0,0,0,0
1774418206.8705788,func_cpu_heavy_mem_heavy,func_c.slice,0,0,0,0,0
1774418207.3709407,func_cpu_light_mem_light,func_a.slice,0,0,0,0,0
1774418207.3709407,func_cpu_light_mem_heavy,func_b.slice,0,0,0,0,0
1774418207.3709407,func_cpu_heavy_mem_heavy,func_c.slice,0,0,0,0,0
1774418207.8717468,func_cpu_light_mem_light,func_a.slice,0,0,0,0,0
1774418207.8717468,func_cpu_light_mem_heavy,func_b.slice,0,0,0,0,0
1774418207.8717468,func_cpu_heavy_mem_heavy,func_c.slice,0,0,0,0,0
1774418208.3716414,func_cpu_light_mem_light,func_a.slice,0,0,0,0,0
1774418208.3716414,func_cpu_light_mem_heavy,func_b.slice,0,0,0,0,0
1774418208.3716414,func_cpu_heavy_mem_heavy,func_c.slice,0,0,0,0,0
1774418208.8720698,func_cpu_light_mem_light,func_a.slice,0,0,0,0,0
1774418208.8720698,func_cpu_light_mem_heavy,func_b.slice,0,0,0,0,0
1774418208.8720698,func_cpu_heavy_mem_heavy,func_c.slice,0,0,0,0,0
1774418209.371999,func_cpu_light_mem_light,func_a.slice,0,0,0,0,0
1774418209.371999,func_cpu_light_mem_heavy,func_b.slice,0,0,0,0,0
1774418209.371999,func_cpu_heavy_mem_heavy,func_c.slice,0,0,0,0,0
1774418209.8723295,func_cpu_light_mem_light,func_a.slice,0,0,0,0,0
1774418209.8723295,func_cpu_light_mem_heavy,func_b.slice,0,0,0,0,0
1774418209.8723295,func_cpu_heavy_mem_heavy,func_c.slice,0,0,0,0,0
1774418210.3728318,func_cpu_light_mem_light,func_a.slice,0,0,0,0,0
1774418210.3728318,func_cpu_light_mem_heavy,func_b.slice,0,0,0,0,0
1774418210.3728318,func_cpu_heavy_mem_heavy,func_c.slice,0,0,0,0,0
1774418210.8731792,func_cpu_light_mem_light,func_a.slice,0,0,0,0,0
1774418210.8731792,func_cpu_light_mem_heavy,func_b.slice,0,0,0,0,0
1774418210.8731792,func_cpu_heavy_mem_heavy,func_c.slice,0,0,0,0,0
1774418211.373584,func_cpu_light_mem_light,func_a.slice,0,0,0,0,0
1774418211.373584,func_cpu_light_mem_heavy,func_b.slice,0,0,0,0,0
1774418211.373584,func_cpu_heavy_mem_heavy,func_c.slice,0,0,0,0,0
1774418211.8744626,func_cpu_light_mem_light,func_a.slice,0,0,0,0,0
1774418211.8744626,func_cpu_light_mem_heavy,func_b.slice,0,0,0,0,0
1774418211.8744626,func_cpu_heavy_mem_heavy,func_c.slice,0,0,0,0,0
1774418212.3741488,func_cpu_light_mem_light,func_a.slice,0,0,0,0,0
1774418212.3741488,func_cpu_light_mem_heavy,func_b.slice,0,0,0,0,0
1774418212.3741488,func_cpu_heavy_mem_heavy,func_c.slice,0,0,0,0,0
1774418212.8746476,func_cpu_light_mem_light,func_a.slice,0,0,0,0,0
1774418212.8746476,func_cpu_light_mem_heavy,func_b.slice,0,0,0,0,0
1774418212.8746476,func_cpu_heavy_mem_heavy,func_c.slice,0,0,0,0,0
1774418213.374694,func_cpu_light_mem_light,func_a.slice,0,0,0,0,0
1774418213.374694,func_cpu_light_mem_heavy,func_b.slice,0,0,0,0,0
1774418213.374694,func_cpu_heavy_mem_heavy,func_c.slice,0,0,0,0,0
1774418213.8752568,func_cpu_light_mem_light,func_a.slice,0,0,0,0,0
1774418213.8752568,func_cpu_light_mem_heavy,func_b.slice,0,0,0,0,0
1774418213.8752568,func_cpu_heavy_mem_heavy,func_c.slice,0,0,0,0,0
1774418214.3755558,func_cpu_light_mem_light,func_a.slice,0,0,0,0,0
1774418214.3755558,func_cpu_light_mem_heavy,func_b.slice,0,0,0,0,0
1774418214.3755558,func_cpu_heavy_mem_heavy,func_c.slice,0,0,0,0,0
1774418214.8755832,func_cpu_light_mem_light,func_a.slice,0,0,0,0,0
1774418214.8755832,func_cpu_light_mem_heavy,func_b.slice,0,0,0,0,0
1774418214.8755832,func_cpu_heavy_mem_heavy,func_c.slice,0,0,0,0,0
1774418215.3757877,func_cpu_light_mem_light,func_a.slice,0,0,0,0,0
1774418215.3757877,func_cpu_light_mem_heavy,func_b.slice,0,0,0,0,0
1774418215.3757877,func_cpu_heavy_mem_heavy,func_c.slice,0,0,0,0,0
1774418215.8761237,func_cpu_light_mem_light,func_a.slice,0,0,0,0,0
1774418215.8761237,func_cpu_light_mem_heavy,func_b.slice,0,0,0,0,0
1774418215.8761237,func_cpu_heavy_mem_heavy,func_c.slice,0,0,0,0,0
1774418216.3766396,func_cpu_light_mem_light,func_a.slice,0,0,0,0,0
1774418216.3766396,func_cpu_light_mem_heavy,func_b.slice,0,0,0,0,0
1774418216.3766396,func_cpu_heavy_mem_heavy,func_c.slice,0,0,0,0,0
1774418216.876787,func_cpu_light_mem_light,func_a.slice,0,0,0,0,0
1774418216.876787,func_cpu_light_mem_heavy,func_b.slice,0,0,0,0,0
1774418216.876787,func_cpu_heavy_mem_heavy,func_c.slice,0,0,0,0,0
1774418217.3776898,func_cpu_light_mem_light,func_a.slice,0,0,0,0,0
1774418217.3776898,func_cpu_light_mem_heavy,func_b.slice,0,0,0,0,0
1774418217.3776898,func_cpu_heavy_mem_heavy,func_c.slice,0,0,0,0,0
1774418217.8776932,func_cpu_light_mem_light,func_a.slice,0,0,0,0,0
1774418217.8776932,func_cpu_light_mem_heavy,func_b.slice,0,0,0,0,0
1774418217.8776932,func_cpu_heavy_mem_heavy,func_c.slice,0,0,0,0,0
1774418218.378703,func_cpu_light_mem_light,func_a.slice,0,0,0,0,0
1774418218.378703,func_cpu_light_mem_heavy,func_b.slice,0,0,0,0,0
1774418218.378703,func_cpu_heavy_mem_heavy,func_c.slice,0,0,0,0,0
1774418218.8784401,func_cpu_light_mem_light,func_a.slice,0,0,0,0,0
1774418218.8784401,func_cpu_light_mem_heavy,func_b.slice,0,0,0,0,0
1774418218.8784401,func_cpu_heavy_mem_heavy,func_c.slice,0,0,0,0,0
1774418219.3785162,func_cpu_light_mem_light,func_a.slice,0,0,0,0,0
1774418219.3785162,func_cpu_light_mem_heavy,func_b.slice,0,0,0,0,0
1774418219.3785162,func_cpu_heavy_mem_heavy,func_c.slice,0,0,0,0,0
1774418219.8790705,func_cpu_light_mem_light,func_a.slice,0,0,0,0,0
1774418219.8790705,func_cpu_light_mem_heavy,func_b.slice,0,0,0,0,0
1774418219.8790705,func_cpu_heavy_mem_heavy,func_c.slice,0,0,0,0,0
1774418220.379234,func_cpu_light_mem_light,func_a.slice,0,0,0,0,0
1774418220.379234,func_cpu_light_mem_heavy,func_b.slice,0,0,0,0,0
1774418220.379234,func_cpu_heavy_mem_heavy,func_c.slice,0,0,0,0,0
1774418220.879821,func_cpu_light_mem_light,func_a.slice,0,0,0,0,0
1774418220.879821,func_cpu_light_mem_heavy,func_b.slice,0,0,0,0,0
1774418220.879821,func_cpu_heavy_mem_heavy,func_c.slice,0,0,0,0,0
1774418221.3801892,func_cpu_light_mem_light,func_a.slice,0,0,0,0,0
1774418221.3801892,func_cpu_light_mem_heavy,func_b.slice,0,0,0,0,0
1774418221.3801892,func_cpu_heavy_mem_heavy,func_c.slice,0,0,0,0,0
1774418221.8803442,func_cpu_light_mem_light,func_a.slice,0,0,0,0,0
1774418221.8803442,func_cpu_light_mem_heavy,func_b.slice,0,0,0,0,0
1774418221.8803442,func_cpu_heavy_mem_heavy,func_c.slice,0,0,0,0,0
1774418222.3806612,func_cpu_light_mem_light,func_a.slice,0,0,0,0,0
1774418222.3806612,func_cpu_light_mem_heavy,func_b.slice,0,0,0,0,0
1774418222.3806612,func_cpu_heavy_mem_heavy,func_c.slice,0,0,0,0,0
1774418222.881041,func_cpu_light_mem_light,func_a.slice,0,0,0,0,0
1774418222.881041,func_cpu_light_mem_heavy,func_b.slice,0,0,0,0,0
1774418222.881041,func_cpu_heavy_mem_heavy,func_c.slice,0,0,0,0,0
1774418223.3812912,func_cpu_light_mem_light,func_a.slice,0,0,0,0,0
1774418223.3812912,func_cpu_light_mem_heavy,func_b.slice,0,0,0,0,0
1774418223.3812912,func_cpu_heavy_mem_heavy,func_c.slice,0,0,0,0,0
1774418223.8814468,func_cpu_light_mem_light,func_a.slice,0,0,0,0,0
1774418223.8814468,func_cpu_light_mem_heavy,func_b.slice,0,0,0,0,0
1774418223.8814468,func_cpu_heavy_mem_heavy,func_c.slice,0,0,0,0,0
1774418224.3818214,func_cpu_light_mem_light,func_a.slice,0,0,0,0,0
1774418224.3818214,func_cpu_light_mem_heavy,func_b.slice,0,0,0,0,0
1774418224.3818214,func_cpu_heavy_mem_heavy,func_c.slice,0,0,0,0,0
1774418224.8825498,func_cpu_light_mem_light,func_a.slice,0,0,0,0,0
1774418224.8825498,func_cpu_light_mem_heavy,func_b.slice,0,0,0,0,0
1774418224.8825498,func_cpu_heavy_mem_heavy,func_c.slice,0,0,0,0,0
1774418225.382456,func_cpu_light_mem_light,func_a.slice,0,0,0,0,0
1774418225.382456,func_cpu_light_mem_heavy,func_b.slice,0,0,0,0,0
1774418225.382456,func_cpu_heavy_mem_heavy,func_c.slice,0,0,0,0,0
1774418225.8828914,func_cpu_light_mem_light,func_a.slice,0,0,0,0,0
1774418225.8828914,func_cpu_light_mem_heavy,func_b.slice,0,0,0,0,0
1774418225.8828914,func_cpu_heavy_mem_heavy,func_c.slice,0,0,0,0,0
1774418226.3829467,func_cpu_light_mem_light,func_a.slice,0,0,0,0,0
1774418226.3829467,func_cpu_light_mem_heavy,func_b.slice,0,0,0,0,0
1774418226.3829467,func_cpu_heavy_mem_heavy,func_c.slice,0,0,0,0,0
1774418226.883331,func_cpu_light_mem_light,func_a.slice,0,0,0,0,0
1774418226.883331,func_cpu_light_mem_heavy,func_b.slice,0,0,0,0,0
1774418226.883331,func_cpu_heavy_mem_heavy,func_c.slice,0,0,0,0,0
1774418227.3837905,func_cpu_light_mem_light,func_a.slice,0,0,0,0,0
1774418227.3837905,func_cpu_light_mem_heavy,func_b.slice,0,0,0,0,0
1774418227.3837905,func_cpu_heavy_mem_heavy,func_c.slice,0,0,0,0,0
1774418227.8839,func_cpu_light_mem_light,func_a.slice,0,0,0,0,0
1774418227.8839,func_cpu_light_mem_heavy,func_b.slice,0,0,0,0,0
1774418227.8839,func_cpu_heavy_mem_heavy,func_c.slice,0,0,0,0,0
1774418228.3844283,func_cpu_light_mem_light,func_a.slice,0,0,0,0,0
1774418228.3844283,func_cpu_light_mem_heavy,func_b.slice,0,0,0,0,0
1774418228.3844283,func_cpu_heavy_mem_heavy,func_c.slice,0,0,0,0,0
1774418228.884284,func_cpu_light_mem_light,func_a.slice,0,0,0,0,0
1774418228.884284,func_cpu_light_mem_heavy,func_b.slice,0,0,0,0,0
1774418228.884284,func_cpu_heavy_mem_heavy,func_c.slice,0,0,0,0,0
1774418229.384399,func_cpu_light_mem_light,func_a.slice,0,0,0,0,0
1774418229.384399,func_cpu_light_mem_heavy,func_b.slice,0,0,0,0,0
1774418229.384399,func_cpu_heavy_mem_heavy,func_c.slice,0,0,0,0,0
1774418229.884729,func_cpu_light_mem_light,func_a.slice,0,0,0,0,0
1774418229.884729,func_cpu_light_mem_heavy,func_b.slice,0,0,0,0,0
1774418229.884729,func_cpu_heavy_mem_heavy,func_c.slice,0,0,0,0,0
1774418230.3853316,func_cpu_light_mem_light,func_a.slice,0,0,0,0,0
1774418230.3853316,func_cpu_light_mem_heavy,func_b.slice,0,0,0,0,0
1774418230.3853316,func_cpu_heavy_mem_heavy,func_c.slice,0,0,0,0,0
1774418230.8855383,func_cpu_light_mem_light,func_a.slice,0,0,0,0,0
1774418230.8855383,func_cpu_light_mem_heavy,func_b.slice,0,0,0,0,0
1774418230.8855383,func_cpu_heavy_mem_heavy,func_c.slice,0,0,0,0,0
1774418231.385908,func_cpu_light_mem_light,func_a.slice,0,0,0,0,0
1774418231.385908,func_cpu_light_mem_heavy,func_b.slice,0,0,0,0,0
1774418231.385908,func_cpu_heavy_mem_heavy,func_c.slice,0,0,0,0,0
1774418231.8867185,func_cpu_light_mem_light,func_a.slice,0,0,0,0,0
1774418231.8867185,func_cpu_light_mem_heavy,func_b.slice,0,0,0,0,0
1774418231.8867185,func_cpu_heavy_mem_heavy,func_c.slice,0,0,0,0,0
1774418232.386958,func_cpu_light_mem_light,func_a.slice,0,0,0,0,0
1774418232.386958,func_cpu_light_mem_heavy,func_b.slice,0,0,0,0,0
1774418232.386958,func_cpu_heavy_mem_heavy,func_c.slice,0,0,0,0,0
1774418232.8869772,func_cpu_light_mem_light,func_a.slice,0,0,0,0,0
1774418232.8869772,func_cpu_light_mem_heavy,func_b.slice,0,0,0,0,0
1774418232.8869772,func_cpu_heavy_mem_heavy,func_c.slice,0,0,0,0,0
1774418233.3879309,func_cpu_light_mem_light,func_a.slice,0,0,0,0,0
1774418233.3879309,func_cpu_light_mem_heavy,func_b.slice,0,0,0,0,0
1774418233.3879309,func_cpu_heavy_mem_heavy,func_c.slice,0,0,0,0,0
1774418233.8876696,func_cpu_light_mem_light,func_a.slice,0,0,0,0,0
1774418233.8876696,func_cpu_light_mem_heavy,func_b.slice,0,0,0,0,0
1774418233.8876696,func_cpu_heavy_mem_heavy,func_c.slice,0,0,0,0,0
1774418234.388162,func_cpu_light_mem_light,func_a.slice,0,0,0,0,0
1774418234.388162,func_cpu_light_mem_heavy,func_b.slice,0,0,0,0,0
1774418234.388162,func_cpu_heavy_mem_heavy,func_c.slice,0,0,0,0,0
1774418234.8884175,func_cpu_light_mem_light,func_a.slice,0,0,0,0,0
1774418234.8884175,func_cpu_light_mem_heavy,func_b.slice,0,0,0,0,0
1774418234.8884175,func_cpu_heavy_mem_heavy,func_c.slice,0,0,0,0,0
1774418235.3888688,func_cpu_light_mem_light,func_a.slice,0,0,0,0,0
1774418235.3888688,func_cpu_light_mem_heavy,func_b.slice,0,0,0,0,0
1774418235.3888688,func_cpu_heavy_mem_heavy,func_c.slice,0,0,0,0,0
1774418235.8893957,func_cpu_light_mem_light,func_a.slice,0,0,0,0,0
1774418235.8893957,func_cpu_light_mem_heavy,func_b.slice,0,0,0,0,0
1774418235.8893957,func_cpu_heavy_mem_heavy,func_c.slice,0,0,0,0,0
1774418236.389671,func_cpu_light_mem_light,func_a.slice,0,0,0,0,0
1774418236.389671,func_cpu_light_mem_heavy,func_b.slice,0,0,0,0,0
1774418236.389671,func_cpu_heavy_mem_heavy,func_c.slice,0,0,0,0,0
1774418236.890462,func_cpu_light_mem_light,func_a.slice,0,0,0,0,0
1774418236.890462,func_cpu_light_mem_heavy,func_b.slice,0,0,0,0,0
1774418236.890462,func_cpu_heavy_mem_heavy,func_c.slice,0,0,0,0,0
1774418237.3901873,func_cpu_light_mem_light,func_a.slice,0,0,0,0,0
1774418237.3901873,func_cpu_light_mem_heavy,func_b.slice,0,0,0,0,0
1774418237.3901873,func_cpu_heavy_mem_heavy,func_c.slice,0,0,0,0,0
1774418237.8913984,func_cpu_light_mem_light,func_a.slice,0,0,0,0,0
1774418237.8913984,func_cpu_light_mem_heavy,func_b.slice,0,0,0,0,0
1774418237.8913984,func_cpu_heavy_mem_heavy,func_c.slice,0,0,0,0,0
1774418238.3914795,func_cpu_light_mem_light,func_a.slice,0,0,0,0,0
1774418238.3914795,func_cpu_light_mem_heavy,func_b.slice,0,0,0,0,0
1774418238.3914795,func_cpu_heavy_mem_heavy,func_c.slice,0,0,0,0,0
1774418238.8926942,func_cpu_light_mem_light,func_a.slice,0,0,0,0,0
1774418238.8926942,func_cpu_light_mem_heavy,func_b.slice,0,0,0,0,0
1774418238.8926942,func_cpu_heavy_mem_heavy,func_c.slice,0,0,0,0,0
1774418239.3925648,func_cpu_light_mem_light,func_a.slice,0,0,0,0,0
1774418239.3925648,func_cpu_light_mem_heavy,func_b.slice,0,0,0,0,0
1774418239.3925648,func_cpu_heavy_mem_heavy,func_c.slice,0,0,0,0,0
1774418239.8928041,func_cpu_light_mem_light,func_a.slice,0,0,0,0,0
1774418239.8928041,func_cpu_light_mem_heavy,func_b.slice,0,0,0,0,0
1774418239.8928041,func_cpu_heavy_mem_heavy,func_c.slice,0,0,0,0,0
1774418240.3938153,func_cpu_light_mem_light,func_a.slice,0,0,0,0,0
1774418240.3938153,func_cpu_light_mem_heavy,func_b.slice,0,0,0,0,0
1774418240.3938153,func_cpu_heavy_mem_heavy,func_c.slice,0,0,0,0,0
1774418240.893664,func_cpu_light_mem_light,func_a.slice,0,0,0,0,0
1774418240.893664,func_cpu_light_mem_heavy,func_b.slice,0,0,0,0,0
1774418240.893664,func_cpu_heavy_mem_heavy,func_c.slice,0,0,0,0,0
1774418241.3938963,func_cpu_light_mem_light,func_a.slice,0,0,0,0,0
1774418241.3938963,func_cpu_light_mem_heavy,func_b.slice,0,0,0,0,0
1774418241.3938963,func_cpu_heavy_mem_heavy,func_c.slice,0,0,0,0,0
1774418241.8950589,func_cpu_light_mem_light,func_a.slice,0,0,0,0,0
1774418241.8950589,func_cpu_light_mem_heavy,func_b.slice,0,0,0,0,0
1774418241.8950589,func_cpu_heavy_mem_heavy,func_c.slice,0,0,0,0,0
1774418242.3948781,func_cpu_light_mem_light,func_a.slice,0,0,0,0,0
1774418242.3948781,func_cpu_light_mem_heavy,func_b.slice,0,0,0,0,0
1774418242.3948781,func_cpu_heavy_mem_heavy,func_c.slice,0,0,0,0,0
1774418242.8955057,func_cpu_light_mem_light,func_a.slice,0,0,0,0,0
1774418242.8955057,func_cpu_light_mem_heavy,func_b.slice,0,0,0,0,0
1774418242.8955057,func_cpu_heavy_mem_heavy,func_c.slice,0,0,0,0,0
1774418243.395564,func_cpu_light_mem_light,func_a.slice,0,0,0,0,0
1774418243.395564,func_cpu_light_mem_heavy,func_b.slice,0,0,0,0,0
1774418243.395564,func_cpu_heavy_mem_heavy,func_c.slice,0,0,0,0,0
1774418243.8957877,func_cpu_light_mem_light,func_a.slice,0,0,0,0,0
1774418243.8957877,func_cpu_light_mem_heavy,func_b.slice,0,0,0,0,0
1774418243.8957877,func_cpu_heavy_mem_heavy,func_c.slice,0,0,0,0,0
1774418244.396378,func_cpu_light_mem_light,func_a.slice,0,0,0,0,0
1774418244.396378,func_cpu_light_mem_heavy,func_b.slice,0,0,0,0,0
1774418244.396378,func_cpu_heavy_mem_heavy,func_c.slice,0,0,0,0,0
1774418244.896331,func_cpu_light_mem_light,func_a.slice,0,0,0,0,0
1774418244.896331,func_cpu_light_mem_heavy,func_b.slice,0,0,0,0,0
1774418244.896331,func_cpu_heavy_mem_heavy,func_c.slice,0,0,0,0,0
1774418245.397192,func_cpu_light_mem_light,func_a.slice,0,0,0,0,0
1774418245.397192,func_cpu_light_mem_heavy,func_b.slice,0,0,0,0,0
1774418245.397192,func_cpu_heavy_mem_heavy,func_c.slice,0,0,0,0,0
1774418245.8980439,func_cpu_light_mem_light,func_a.slice,0,0,0,0,0
1774418245.8980439,func_cpu_light_mem_heavy,func_b.slice,0,0,0,0,0
1774418245.8980439,func_cpu_heavy_mem_heavy,func_c.slice,0,0,0,0,0
1774418246.3973608,func_cpu_light_mem_light,func_a.slice,0,0,0,0,0
1774418246.3973608,func_cpu_light_mem_heavy,func_b.slice,0,0,0,0,0
1774418246.3973608,func_cpu_heavy_mem_heavy,func_c.slice,0,0,0,0,0
1774418246.8981993,func_cpu_light_mem_light,func_a.slice,0,0,0,0,0
1774418246.8981993,func_cpu_light_mem_heavy,func_b.slice,0,0,0,0,0
1774418246.8981993,func_cpu_heavy_mem_heavy,func_c.slice,0,0,0,0,0
1774418247.398024,func_cpu_light_mem_light,func_a.slice,0,0,0,0,0
1774418247.398024,func_cpu_light_mem_heavy,func_b.slice,0,0,0,0,0
1774418247.398024,func_cpu_heavy_mem_heavy,func_c.slice,0,0,0,0,0
1774418247.89893,func_cpu_light_mem_light,func_a.slice,0,0,0,0,0
1774418247.89893,func_cpu_light_mem_heavy,func_b.slice,0,0,0,0,0
1774418247.89893,func_cpu_heavy_mem_heavy,func_c.slice,0,0,0,0,0
1774418248.3996112,func_cpu_light_mem_light,func_a.slice,0,0,0,0,0
1774418248.3996112,func_cpu_light_mem_heavy,func_b.slice,0,0,0,0,0
1774418248.3996112,func_cpu_heavy_mem_heavy,func_c.slice,0,0,0,0,0
1774418248.8994777,func_cpu_light_mem_light,func_a.slice,0,0,0,0,0
1774418248.8994777,func_cpu_light_mem_heavy,func_b.slice,0,0,0,0,0
1774418248.8994777,func_cpu_heavy_mem_heavy,func_c.slice,0,0,0,0,0
1774418249.3997421,func_cpu_light_mem_light,func_a.slice,0,0,0,0,0
1774418249.3997421,func_cpu_light_mem_heavy,func_b.slice,0,0,0,0,0
1774418249.3997421,func_cpu_heavy_mem_heavy,func_c.slice,0,0,0,0,0
1774418249.900227,func_cpu_light_mem_light,func_a.slice,0,0,0,0,0
1774418249.900227,func_cpu_light_mem_heavy,func_b.slice,0,0,0,0,0
1774418249.900227,func_cpu_heavy_mem_heavy,func_c.slice,0,0,0,0,0
1774418250.4011996,func_cpu_light_mem_light,func_a.slice,0,0,0,0,0
1774418250.4011996,func_cpu_light_mem_heavy,func_b.slice,0,0,0,0,0
1774418250.4011996,func_cpu_heavy_mem_heavy,func_c.slice,0,0,0,0,0
1774418250.9009457,func_cpu_light_mem_light,func_a.slice,0,0,0,0,0
1774418250.9009457,func_cpu_light_mem_heavy,func_b.slice,0,0,0,0,0
1774418250.9009457,func_cpu_heavy_mem_heavy,func_c.slice,0,0,0,0,0
1774418251.4014173,func_cpu_light_mem_light,func_a.slice,0,0,0,0,0
1774418251.4014173,func_cpu_light_mem_heavy,func_b.slice,0,0,0,0,0
1774418251.4014173,func_cpu_heavy_mem_heavy,func_c.slice,0,0,0,0,0
1774418251.9017513,func_cpu_light_mem_light,func_a.slice,0,0,0,0,0
1774418251.9017513,func_cpu_light_mem_heavy,func_b.slice,0,0,0,0,0
1774418251.9017513,func_cpu_heavy_mem_heavy,func_c.slice,0,0,0,0,0
1774418252.4024453,func_cpu_light_mem_light,func_a.slice,0,0,0,0,0
1774418252.4024453,func_cpu_light_mem_heavy,func_b.slice,0,0,0,0,0
1774418252.4024453,func_cpu_heavy_mem_heavy,func_c.slice,0,0,0,0,0
1774418252.90281,func_cpu_light_mem_light,func_a.slice,0,0,0,0,0
1774418252.90281,func_cpu_light_mem_heavy,func_b.slice,0,0,0,0,0
1774418252.90281,func_cpu_heavy_mem_heavy,func_c.slice,0,0,0,0,0
1774418253.4031472,func_cpu_light_mem_light,func_a.slice,0,0,0,0,0
1774418253.4031472,func_cpu_light_mem_heavy,func_b.slice,0,0,0,0,0
1774418253.4031472,func_cpu_heavy_mem_heavy,func_c.slice,0,0,0,0,0
1774418253.904118,func_cpu_light_mem_light,func_a.slice,0,0,0,0,0
1774418253.904118,func_cpu_light_mem_heavy,func_b.slice,0,0,0,0,0
1774418253.904118,func_cpu_heavy_mem_heavy,func_c.slice,0,0,0,0,0
