timestamp,total_slab_kb,host_free_kb,host_avail_kb,per_cache_json
1774418078.793427,116540,3137556,3326760,"{""inode_cache"": 3818, ""kmalloc-2048"": 0, ""dentry"": 12726, ""kmalloc-256"": 952, ""kmalloc-1024"": 0, ""skbuff_head_cache"": 288}"
1774418079.283693,116536,3194528,3324340,"{""inode_cache"": 3818, ""kmalloc-2048"": 0, ""dentry"": 12726, ""kmalloc-256"": 952, ""kmalloc-1024"": 0, ""skbuff_head_cache"": 288}"
1774418079.7836897,116532,3197644,3327456,"{""inode_cache"": 3818, ""kmalloc-2048"": 0, ""dentry"": 12726, ""kmalloc-256"": 952, ""kmalloc-1024"": 0, ""skbuff_head_cache"": 288}"
1774418080.2839549,116532,3197644,3327456,"{""inode_cache"": 3818, ""kmalloc-2048"": 0, ""dentry"": 12726, ""kmalloc-256"": 952, ""kmalloc-1024"": 0, ""skbuff_head_cache"": 288}"
1774418080.7841675,116532,3197644,3327456,"{""inode_cache"": 3818, ""kmalloc-2048"": 0, ""dentry"": 12726, ""kmalloc-256"": 952, ""kmalloc-1024"": 0, ""skbuff_head_cache"": 288}"
1774418081.284973,116552,3104656,3234468,"{""inode_cache"": 3818, ""kmalloc-2048"": 0, ""dentry"": 12726, ""kmalloc-256"": 952, ""kmalloc-1024"": 0, ""skbuff_head_cache"": 288}"
1774418081.785016,116532,3016544,3146356,"{""inode_cache"": 3818, ""kmalloc-2048"": 0, ""dentry"": 12726, ""kmalloc-256"": 952, ""kmalloc-1024"": 0, ""skbuff_head_cache"": 288}"
1774418082.2851336,116575,3150232,3280044,"{""inode_cache"": 3818, ""kmalloc-2048"": 0, ""dentry"": 12726, ""kmalloc-256"": 952, ""kmalloc-1024"": 0, ""skbuff_head_cache"": 288}"
1774418082.7855458,116560,3044380,3174192,"{""inode_cache"": 3818, ""kmalloc-2048"": 0, ""dentry"": 12726, ""kmalloc-256"": 952, ""kmalloc-1024"": 0, ""skbuff_head_cache"": 288}"
1774418083.28587,116552,3194408,3324220,"{""inode_cache"": 3818, ""kmalloc-2048"": 0, ""dentry"": 12726, ""kmalloc-256"": 952, ""kmalloc-1024"": 0, ""skbuff_head_cache"": 288}"
1774418083.7863865,116552,3194408,3324220,"{""inode_cache"": 3818, ""kmalloc-2048"": 0, ""dentry"": 12726, ""kmalloc-256"": 952, ""kmalloc-1024"": 0, ""skbuff_head_cache"": 288}"
1774418084.2872486,116603,2958956,3088768,"{""inode_cache"": 3818, ""kmalloc-2048"": 0, ""dentry"": 12726, ""kmalloc-256"": 952, ""kmalloc-1024"": 0, ""skbuff_head_cache"": 288}"
1774418084.7867124,116603,2860048,2989860,"{""inode_cache"": 3818, ""kmalloc-2048"": 0, ""dentry"": 12726, ""kmalloc-256"": 952, ""kmalloc-1024"": 0, ""skbuff_head_cache"": 288}"
1774418085.2873898,116595,3060700,3190520,"{""inode_cache"": 3818, ""kmalloc-2048"": 0, ""dentry"": 12726, ""kmalloc-256"": 952, ""kmalloc-1024"": 0, ""skbuff_head_cache"": 288}"
1774418085.7887912,116595,3060700,3190520,"{""inode_cache"": 3818, ""kmalloc-2048"": 0, ""dentry"": 12726, ""kmalloc-256"": 952, ""kmalloc-1024"": 0, ""skbuff_head_cache"": 288}"
1774418086.2873864,116563,3133836,3263656,"{""inode_cache"": 3818, ""kmalloc-2048"": 0, ""dentry"": 12726, ""kmalloc-256"": 952, ""kmalloc-1024"": 0, ""skbuff_head_cache"": 288}"
1774418086.7882252,116563,2979036,3108856,"{""inode_cache"": 3818, ""kmalloc-2048"": 0, ""dentry"": 12726, ""kmalloc-256"": 952, ""kmalloc-1024"": 0, ""skbuff_head_cache"": 288}"
1774418087.2880774,116548,3067060,3196880,"{""inode_cache"": 3818, ""kmalloc-2048"": 0, ""dentry"": 12726, ""kmalloc-256"": 952, ""kmalloc-1024"": 0, ""skbuff_head_cache"": 288}"
1774418087.7884865,116548,3196288,3326108,"{""inode_cache"": 3818, ""kmalloc-2048"": 0, ""dentry"": 12726, ""kmalloc-256"": 952, ""kmalloc-1024"": 0, ""skbuff_head_cache"": 288}"
1774418088.2887466,116548,3175172,3304992,"{""inode_cache"": 3818, ""kmalloc-2048"": 0, ""dentry"": 12726, ""kmalloc-256"": 952, ""kmalloc-1024"": 0, ""skbuff_head_cache"": 288}"
1774418088.7886684,116517,3111972,3241792,"{""inode_cache"": 3818, ""kmalloc-2048"": 0, ""dentry"": 12726, ""kmalloc-256"": 952, ""kmalloc-1024"": 0, ""skbuff_head_cache"": 288}"
1774418089.2890027,116517,3196148,3325968,"{""inode_cache"": 3818, ""kmalloc-2048"": 0, ""dentry"": 12726, ""kmalloc-256"": 952, ""kmalloc-1024"": 0, ""skbuff_head_cache"": 288}"
1774418089.7897358,116517,3196148,3325968,"{""inode_cache"": 3818, ""kmalloc-2048"": 0, ""dentry"": 12726, ""kmalloc-256"": 952, ""kmalloc-1024"": 0, ""skbuff_head_cache"": 288}"
1774418090.290385,116505,3167364,3297184,"{""inode_cache"": 3818, ""kmalloc-2048"": 0, ""dentry"": 12726, ""kmalloc-256"": 952, ""kmalloc-1024"": 0, ""skbuff_head_cache"": 288}"
1774418090.7902665,116505,2897976,3027796,"{""inode_cache"": 3818, ""kmalloc-2048"": 0, ""dentry"": 12726, ""kmalloc-256"": 952, ""kmalloc-1024"": 0, ""skbuff_head_cache"": 288}"
1774418091.2906978,116501,3195268,3325088,"{""inode_cache"": 3818, ""kmalloc-2048"": 0, ""dentry"": 12726, ""kmalloc-256"": 952, ""kmalloc-1024"": 0, ""skbuff_head_cache"": 288}"
1774418091.7908206,116501,3195900,3325720,"{""inode_cache"": 3818, ""kmalloc-2048"": 0, ""dentry"": 12726, ""kmalloc-256"": 952, ""kmalloc-1024"": 0, ""skbuff_head_cache"": 288}"
1774418092.291011,116541,3250964,3380784,"{""inode_cache"": 3818, ""kmalloc-2048"": 0, ""dentry"": 12726, ""kmalloc-256"": 952, ""kmalloc-1024"": 0, ""skbuff_head_cache"": 288}"
1774418092.7911634,116549,2845376,2975196,"{""inode_cache"": 3818, ""kmalloc-2048"": 0, ""dentry"": 12726, ""kmalloc-256"": 952, ""kmalloc-1024"": 0, ""skbuff_head_cache"": 288}"
1774418093.291546,116549,2998328,3128148,"{""inode_cache"": 3818, ""kmalloc-2048"": 0, ""dentry"": 12726, ""kmalloc-256"": 952, ""kmalloc-1024"": 0, ""skbuff_head_cache"": 288}"
1774418093.7916508,116533,3194780,3324600,"{""inode_cache"": 3818, ""kmalloc-2048"": 0, ""dentry"": 12726, ""kmalloc-256"": 952, ""kmalloc-1024"": 0, ""skbuff_head_cache"": 288}"
1774418094.2917593,116533,3198252,3328660,"{""inode_cache"": 3818, ""kmalloc-2048"": 0, ""dentry"": 12726, ""kmalloc-256"": 952, ""kmalloc-1024"": 0, ""skbuff_head_cache"": 288}"
1774418094.7925634,116579,2808384,2938204,"{""inode_cache"": 3818, ""kmalloc-2048"": 0, ""dentry"": 12726, ""kmalloc-256"": 952, ""kmalloc-1024"": 0, ""skbuff_head_cache"": 288}"
1774418095.292954,116579,2724888,2854708,"{""inode_cache"": 3818, ""kmalloc-2048"": 0, ""dentry"": 12726, ""kmalloc-256"": 952, ""kmalloc-1024"": 0, ""skbuff_head_cache"": 288}"
1774418095.7926474,116564,3061948,3191768,"{""inode_cache"": 3818, ""kmalloc-2048"": 0, ""dentry"": 12726, ""kmalloc-256"": 952, ""kmalloc-1024"": 0, ""skbuff_head_cache"": 288}"
1774418096.2937262,116564,3063752,3193572,"{""inode_cache"": 3818, ""kmalloc-2048"": 0, ""dentry"": 12726, ""kmalloc-256"": 952, ""kmalloc-1024"": 0, ""skbuff_head_cache"": 288}"
1774418096.792958,116575,3039464,3169284,"{""inode_cache"": 3818, ""kmalloc-2048"": 0, ""dentry"": 12726, ""kmalloc-256"": 952, ""kmalloc-1024"": 0, ""skbuff_head_cache"": 288}"
1774418097.2929838,116559,3039548,3169368,"{""inode_cache"": 3818, ""kmalloc-2048"": 0, ""dentry"": 12726, ""kmalloc-256"": 952, ""kmalloc-1024"": 0, ""skbuff_head_cache"": 288}"
1774418097.7933588,116559,3124260,3254080,"{""inode_cache"": 3818, ""kmalloc-2048"": 0, ""dentry"": 12726, ""kmalloc-256"": 952, ""kmalloc-1024"": 0, ""skbuff_head_cache"": 288}"
1774418098.2934618,116559,3124696,3254516,"{""inode_cache"": 3818, ""kmalloc-2048"": 0, ""dentry"": 12726, ""kmalloc-256"": 952, ""kmalloc-1024"": 0, ""skbuff_head_cache"": 288}"
1774418098.7938464,116547,2994644,3124464,"{""inode_cache"": 3818, ""kmalloc-2048"": 0, ""dentry"": 12726, ""kmalloc-256"": 952, ""kmalloc-1024"": 0, ""skbuff_head_cache"": 288}"
1774418099.294821,116547,2914236,3044056,"{""inode_cache"": 3818, ""kmalloc-2048"": 0, ""dentry"": 12726, ""kmalloc-256"": 952, ""kmalloc-1024"": 0, ""skbuff_head_cache"": 288}"
1774418099.794865,116532,3191368,3321188,"{""inode_cache"": 3818, ""kmalloc-2048"": 0, ""dentry"": 12726, ""kmalloc-256"": 952, ""kmalloc-1024"": 0, ""skbuff_head_cache"": 288}"
1774418100.2942183,116532,3191368,3321188,"{""inode_cache"": 3818, ""kmalloc-2048"": 0, ""dentry"": 12726, ""kmalloc-256"": 952, ""kmalloc-1024"": 0, ""skbuff_head_cache"": 288}"
1774418100.7945,116723,2916972,3046792,"{""inode_cache"": 3818, ""kmalloc-2048"": 0, ""dentry"": 12726, ""kmalloc-256"": 952, ""kmalloc-1024"": 0, ""skbuff_head_cache"": 288}"
1774418101.295103,116719,2777952,2907772,"{""inode_cache"": 3818, ""kmalloc-2048"": 0, ""dentry"": 12726, ""kmalloc-256"": 952, ""kmalloc-1024"": 0, ""skbuff_head_cache"": 288}"
1774418101.7948697,116700,3126996,3256816,"{""inode_cache"": 3818, ""kmalloc-2048"": 0, ""dentry"": 12726, ""kmalloc-256"": 952, ""kmalloc-1024"": 0, ""skbuff_head_cache"": 288}"
1774418102.2951708,116700,3126996,3256816,"{""inode_cache"": 3818, ""kmalloc-2048"": 0, ""dentry"": 12726, ""kmalloc-256"": 952, ""kmalloc-1024"": 0, ""skbuff_head_cache"": 288}"
1774418102.7955987,116680,3270492,3400312,"{""inode_cache"": 3818, ""kmalloc-2048"": 0, ""dentry"": 12726, ""kmalloc-256"": 952, ""kmalloc-1024"": 0, ""skbuff_head_cache"": 288}"
1774418103.295259,116680,3270492,3400312,"{""inode_cache"": 3818, ""kmalloc-2048"": 0, ""dentry"": 12726, ""kmalloc-256"": 952, ""kmalloc-1024"": 0, ""skbuff_head_cache"": 288}"
1774418103.7954323,116680,3270768,3400588,"{""inode_cache"": 3818, ""kmalloc-2048"": 0, ""dentry"": 12726, ""kmalloc-256"": 952, ""kmalloc-1024"": 0, ""skbuff_head_cache"": 288}"
1774418104.296317,116680,3269260,3399080,"{""inode_cache"": 3818, ""kmalloc-2048"": 0, ""dentry"": 12726, ""kmalloc-256"": 952, ""kmalloc-1024"": 0, ""skbuff_head_cache"": 288}"
1774418104.79628,116680,3269260,3399080,"{""inode_cache"": 3818, ""kmalloc-2048"": 0, ""dentry"": 12726, ""kmalloc-256"": 952, ""kmalloc-1024"": 0, ""skbuff_head_cache"": 288}"
1774418105.296437,116680,3269260,3399080,"{""inode_cache"": 3818, ""kmalloc-2048"": 0, ""dentry"": 12726, ""kmalloc-256"": 952, ""kmalloc-1024"": 0, ""skbuff_head_cache"": 288}"
1774418105.7967317,116680,3269260,3399080,"{""inode_cache"": 3818, ""kmalloc-2048"": 0, ""dentry"": 12726, ""kmalloc-256"": 952, ""kmalloc-1024"": 0, ""skbuff_head_cache"": 288}"
1774418106.2971199,116680,3269260,3399080,"{""inode_cache"": 3818, ""kmalloc-2048"": 0, ""dentry"": 12726, ""kmalloc-256"": 952, ""kmalloc-1024"": 0, ""skbuff_head_cache"": 288}"
1774418106.7971861,116680,3269260,3399080,"{""inode_cache"": 3818, ""kmalloc-2048"": 0, ""dentry"": 12726, ""kmalloc-256"": 952, ""kmalloc-1024"": 0, ""skbuff_head_cache"": 288}"
1774418107.2974532,116644,3270740,3400560,"{""inode_cache"": 3818, ""kmalloc-2048"": 0, ""dentry"": 12726, ""kmalloc-256"": 952, ""kmalloc-1024"": 0, ""skbuff_head_cache"": 288}"
1774418107.797902,116644,3270740,3400560,"{""inode_cache"": 3818, ""kmalloc-2048"": 0, ""dentry"": 12726, ""kmalloc-256"": 952, ""kmalloc-1024"": 0, ""skbuff_head_cache"": 288}"
1774418108.2980232,116644,3272896,3402716,"{""inode_cache"": 3818, ""kmalloc-2048"": 0, ""dentry"": 12726, ""kmalloc-256"": 952, ""kmalloc-1024"": 0, ""skbuff_head_cache"": 288}"
1774418108.7993274,116644,3272896,3402716,"{""inode_cache"": 3818, ""kmalloc-2048"": 0, ""dentry"": 12726, ""kmalloc-256"": 952, ""kmalloc-1024"": 0, ""skbuff_head_cache"": 288}"
1774418109.2992516,116644,3270748,3400572,"{""inode_cache"": 3818, ""kmalloc-2048"": 0, ""dentry"": 12726, ""kmalloc-256"": 952, ""kmalloc-1024"": 0, ""skbuff_head_cache"": 288}"
1774418109.7990725,116644,3270748,3400572,"{""inode_cache"": 3818, ""kmalloc-2048"": 0, ""dentry"": 12726, ""kmalloc-256"": 952, ""kmalloc-1024"": 0, ""skbuff_head_cache"": 288}"
1774418110.2995453,116644,3270748,3400572,"{""inode_cache"": 3818, ""kmalloc-2048"": 0, ""dentry"": 12726, ""kmalloc-256"": 952, ""kmalloc-1024"": 0, ""skbuff_head_cache"": 288}"
1774418110.800352,116629,3270748,3400572,"{""inode_cache"": 3818, ""kmalloc-2048"": 0, ""dentry"": 12726, ""kmalloc-256"": 952, ""kmalloc-1024"": 0, ""skbuff_head_cache"": 288}"
1774418111.3006687,116629,3270748,3400572,"{""inode_cache"": 3818, ""kmalloc-2048"": 0, ""dentry"": 12726, ""kmalloc-256"": 952, ""kmalloc-1024"": 0, ""skbuff_head_cache"": 288}"
1774418111.8012135,116629,3270748,3400572,"{""inode_cache"": 3818, ""kmalloc-2048"": 0, ""dentry"": 12726, ""kmalloc-256"": 952, ""kmalloc-1024"": 0, ""skbuff_head_cache"": 288}"
1774418112.301359,116629,3270748,3400572,"{""inode_cache"": 3818, ""kmalloc-2048"": 0, ""dentry"": 12726, ""kmalloc-256"": 952, ""kmalloc-1024"": 0, ""skbuff_head_cache"": 288}"
1774418112.802922,116629,3270748,3400572,"{""inode_cache"": 3818, ""kmalloc-2048"": 0, ""dentry"": 12726, ""kmalloc-256"": 952, ""kmalloc-1024"": 0, ""skbuff_head_cache"": 288}"
1774418113.3019116,116629,3270748,3400572,"{""inode_cache"": 3818, ""kmalloc-2048"": 0, ""dentry"": 12726, ""kmalloc-256"": 952, ""kmalloc-1024"": 0, ""skbuff_head_cache"": 288}"
1774418113.8021407,116629,3270748,3400572,"{""inode_cache"": 3818, ""kmalloc-2048"": 0, ""dentry"": 12726, ""kmalloc-256"": 952, ""kmalloc-1024"": 0, ""skbuff_head_cache"": 288}"
1774418114.303481,116629,3270748,3400572,"{""inode_cache"": 3818, ""kmalloc-2048"": 0, ""dentry"": 12726, ""kmalloc-256"": 952, ""kmalloc-1024"": 0, ""skbuff_head_cache"": 288}"
1774418114.803503,116629,3270748,3400572,"{""inode_cache"": 3818, ""kmalloc-2048"": 0, ""dentry"": 12726, ""kmalloc-256"": 952, ""kmalloc-1024"": 0, ""skbuff_head_cache"": 288}"
1774418115.303486,116629,3272120,3401944,"{""inode_cache"": 3818, ""kmalloc-2048"": 0, ""dentry"": 12726, ""kmalloc-256"": 952, ""kmalloc-1024"": 0, ""skbuff_head_cache"": 288}"
1774418115.803655,116629,3272192,3402016,"{""inode_cache"": 3818, ""kmalloc-2048"": 0, ""dentry"": 12726, ""kmalloc-256"": 952, ""kmalloc-1024"": 0, ""skbuff_head_cache"": 288}"
1774418116.3041246,116629,3272192,3402016,"{""inode_cache"": 3818, ""kmalloc-2048"": 0, ""dentry"": 12726, ""kmalloc-256"": 952, ""kmalloc-1024"": 0, ""skbuff_head_cache"": 288}"
1774418116.804618,116629,3272192,3402016,"{""inode_cache"": 3818, ""kmalloc-2048"": 0, ""dentry"": 12726, ""kmalloc-256"": 952, ""kmalloc-1024"": 0, ""skbuff_head_cache"": 288}"
1774418117.3045316,116629,3272192,3402016,"{""inode_cache"": 3818, ""kmalloc-2048"": 0, ""dentry"": 12726, ""kmalloc-256"": 952, ""kmalloc-1024"": 0, ""skbuff_head_cache"": 288}"
1774418117.8053286,116629,3272192,3402016,"{""inode_cache"": 3818, ""kmalloc-2048"": 0, ""dentry"": 12726, ""kmalloc-256"": 952, ""kmalloc-1024"": 0, ""skbuff_head_cache"": 288}"
1774418118.3051996,116629,3272192,3402016,"{""inode_cache"": 3818, ""kmalloc-2048"": 0, ""dentry"": 12726, ""kmalloc-256"": 952, ""kmalloc-1024"": 0, ""skbuff_head_cache"": 288}"
1774418118.8053024,116629,3272192,3402016,"{""inode_cache"": 3818, ""kmalloc-2048"": 0, ""dentry"": 12726, ""kmalloc-256"": 952, ""kmalloc-1024"": 0, ""skbuff_head_cache"": 288}"
1774418119.305712,116629,3272192,3402016,"{""inode_cache"": 3818, ""kmalloc-2048"": 0, ""dentry"": 12726, ""kmalloc-256"": 952, ""kmalloc-1024"": 0, ""skbuff_head_cache"": 288}"
1774418119.8061326,116629,3272192,3402016,"{""inode_cache"": 3818, ""kmalloc-2048"": 0, ""dentry"": 12726, ""kmalloc-256"": 952, ""kmalloc-1024"": 0, ""skbuff_head_cache"": 288}"
1774418120.3066008,116629,3272192,3402016,"{""inode_cache"": 3818, ""kmalloc-2048"": 0, ""dentry"": 12726, ""kmalloc-256"": 952, ""kmalloc-1024"": 0, ""skbuff_head_cache"": 288}"
1774418120.8073704,116629,3272192,3402016,"{""inode_cache"": 3818, ""kmalloc-2048"": 0, ""dentry"": 12726, ""kmalloc-256"": 952, ""kmalloc-1024"": 0, ""skbuff_head_cache"": 288}"
1774418121.3073108,116629,3272192,3402016,"{""inode_cache"": 3818, ""kmalloc-2048"": 0, ""dentry"": 12726, ""kmalloc-256"": 952, ""kmalloc-1024"": 0, ""skbuff_head_cache"": 288}"
1774418121.807733,116629,3272192,3402016,"{""inode_cache"": 3818, ""kmalloc-2048"": 0, ""dentry"": 12726, ""kmalloc-256"": 952, ""kmalloc-1024"": 0, ""skbuff_head_cache"": 288}"
1774418122.3089802,116629,3272192,3402016,"{""inode_cache"": 3818, ""kmalloc-2048"": 0, ""dentry"": 12726, ""kmalloc-256"": 952, ""kmalloc-1024"": 0, ""skbuff_head_cache"": 288}"
1774418122.8096204,116629,3272192,3402016,"{""inode_cache"": 3818, ""kmalloc-2048"": 0, ""dentry"": 12726, ""kmalloc-256"": 952, ""kmalloc-1024"": 0, ""skbuff_head_cache"": 288}"
1774418123.309428,116629,3272192,3402016,"{""inode_cache"": 3818, ""kmalloc-2048"": 0, ""dentry"": 12726, ""kmalloc-256"": 952, ""kmalloc-1024"": 0, ""skbuff_head_cache"": 288}"
1774418123.809915,116629,3272192,3402016,"{""inode_cache"": 3818, ""kmalloc-2048"": 0, ""dentry"": 12726, ""kmalloc-256"": 952, ""kmalloc-1024"": 0, ""skbuff_head_cache"": 288}"
1774418124.3100247,116629,3272192,3402016,"{""inode_cache"": 3818, ""kmalloc-2048"": 0, ""dentry"": 12726, ""kmalloc-256"": 952, ""kmalloc-1024"": 0, ""skbuff_head_cache"": 288}"
1774418124.8111897,116629,3272192,3402016,"{""inode_cache"": 3818, ""kmalloc-2048"": 0, ""dentry"": 12726, ""kmalloc-256"": 952, ""kmalloc-1024"": 0, ""skbuff_head_cache"": 288}"
1774418125.310876,116629,3272192,3402016,"{""inode_cache"": 3818, ""kmalloc-2048"": 0, ""dentry"": 12726, ""kmalloc-256"": 952, ""kmalloc-1024"": 0, ""skbuff_head_cache"": 288}"
1774418125.8113499,116629,3272192,3402016,"{""inode_cache"": 3818, ""kmalloc-2048"": 0, ""dentry"": 12726, ""kmalloc-256"": 952, ""kmalloc-1024"": 0, ""skbuff_head_cache"": 288}"
1774418126.3119626,116629,3272192,3402016,"{""inode_cache"": 3818, ""kmalloc-2048"": 0, ""dentry"": 12726, ""kmalloc-256"": 952, ""kmalloc-1024"": 0, ""skbuff_head_cache"": 288}"
1774418126.8121216,116629,3272192,3402016,"{""inode_cache"": 3818, ""kmalloc-2048"": 0, ""dentry"": 12726, ""kmalloc-256"": 952, ""kmalloc-1024"": 0, ""skbuff_head_cache"": 288}"
1774418127.3124645,116629,3272192,3402016,"{""inode_cache"": 3818, ""kmalloc-2048"": 0, ""dentry"": 12726, ""kmalloc-256"": 952, ""kmalloc-1024"": 0, ""skbuff_head_cache"": 288}"
1774418127.8129168,116629,3272192,3402016,"{""inode_cache"": 3818, ""kmalloc-2048"": 0, ""dentry"": 12726, ""kmalloc-256"": 952, ""kmalloc-1024"": 0, ""skbuff_head_cache"": 288}"
1774418128.3132703,116629,3272192,3402016,"{""inode_cache"": 3818, ""kmalloc-2048"": 0, ""dentry"": 12726, ""kmalloc-256"": 952, ""kmalloc-1024"": 0, ""skbuff_head_cache"": 288}"
1774418128.8139956,116629,3272192,3402016,"{""inode_cache"": 3818, ""kmalloc-2048"": 0, ""dentry"": 12726, ""kmalloc-256"": 952, ""kmalloc-1024"": 0, ""skbuff_head_cache"": 288}"
1774418129.3141804,116629,3272192,3402016,"{""inode_cache"": 3818, ""kmalloc-2048"": 0, ""dentry"": 12726, ""kmalloc-256"": 952, ""kmalloc-1024"": 0, ""skbuff_head_cache"": 288}"
1774418129.8142054,116629,3272192,3402016,"{""inode_cache"": 3818, ""kmalloc-2048"": 0, ""dentry"": 12726, ""kmalloc-256"": 952, ""kmalloc-1024"": 0, ""skbuff_head_cache"": 288}"
1774418130.3148687,116629,3272192,3402016,"{""inode_cache"": 3818, ""kmalloc-2048"": 0, ""dentry"": 12726, ""kmalloc-256"": 952, ""kmalloc-1024"": 0, ""skbuff_head_cache"": 288}"
1774418130.815347,116629,3272192,3402016,"{""inode_cache"": 3818, ""kmalloc-2048"": 0, ""dentry"": 12726, ""kmalloc-256"": 952, ""kmalloc-1024"": 0, ""skbuff_head_cache"": 288}"
1774418131.3153486,116629,3272192,3402016,"{""inode_cache"": 3818, ""kmalloc-2048"": 0, ""dentry"": 12726, ""kmalloc-256"": 952, ""kmalloc-1024"": 0, ""skbuff_head_cache"": 288}"
1774418131.8158748,116629,3272192,3402016,"{""inode_cache"": 3818, ""kmalloc-2048"": 0, ""dentry"": 12726, ""kmalloc-256"": 952, ""kmalloc-1024"": 0, ""skbuff_head_cache"": 288}"
1774418132.3160462,116629,3272192,3402016,"{""inode_cache"": 3818, ""kmalloc-2048"": 0, ""dentry"": 12726, ""kmalloc-256"": 952, ""kmalloc-1024"": 0, ""skbuff_head_cache"": 288}"
1774418132.8169198,116629,3272192,3402016,"{""inode_cache"": 3818, ""kmalloc-2048"": 0, ""dentry"": 12726, ""kmalloc-256"": 952, ""kmalloc-1024"": 0, ""skbuff_head_cache"": 288}"
1774418133.3168738,116629,3272192,3402016,"{""inode_cache"": 3818, ""kmalloc-2048"": 0, ""dentry"": 12726, ""kmalloc-256"": 952, ""kmalloc-1024"": 0, ""skbuff_head_cache"": 288}"
1774418133.8177886,116629,3272192,3402016,"{""inode_cache"": 3818, ""kmalloc-2048"": 0, ""dentry"": 12726, ""kmalloc-256"": 952, ""kmalloc-1024"": 0, ""skbuff_head_cache"": 288}"
1774418134.3176174,116629,3272192,3402024,"{""inode_cache"": 3818, ""kmalloc-2048"": 0, ""dentry"": 12726, ""kmalloc-256"": 952, ""kmalloc-1024"": 0, ""skbuff_head_cache"": 288}"
1774418134.817818,116629,3272192,3402024,"{""inode_cache"": 3818, ""kmalloc-2048"": 0, ""dentry"": 12726, ""kmalloc-256"": 952, ""kmalloc-1024"": 0, ""skbuff_head_cache"": 288}"
1774418135.318631,116629,3272192,3402024,"{""inode_cache"": 3818, ""kmalloc-2048"": 0, ""dentry"": 12726, ""kmalloc-256"": 952, ""kmalloc-1024"": 0, ""skbuff_head_cache"": 288}"
1774418135.8187888,116629,3272192,3402024,"{""inode_cache"": 3818, ""kmalloc-2048"": 0, ""dentry"": 12726, ""kmalloc-256"": 952, ""kmalloc-1024"": 0, ""skbuff_head_cache"": 288}"
1774418136.3190532,116629,3272192,3402024,"{""inode_cache"": 3818, ""kmalloc-2048"": 0, ""dentry"": 12726, ""kmalloc-256"": 952, ""kmalloc-1024"": 0, ""skbuff_head_cache"": 288}"
1774418136.8195975,116629,3272192,3402024,"{""inode_cache"": 3818, ""kmalloc-2048"": 0, ""dentry"": 12726, ""kmalloc-256"": 952, ""kmalloc-1024"": 0, ""skbuff_head_cache"": 288}"
1774418137.3197746,116629,3272192,3402024,"{""inode_cache"": 3818, ""kmalloc-2048"": 0, ""dentry"": 12726, ""kmalloc-256"": 952, ""kmalloc-1024"": 0, ""skbuff_head_cache"": 288}"
1774418137.8201585,116629,3271436,3401268,"{""inode_cache"": 3818, ""kmalloc-2048"": 0, ""dentry"": 12726, ""kmalloc-256"": 952, ""kmalloc-1024"": 0, ""skbuff_head_cache"": 288}"
1774418138.3204544,116629,3271436,3401268,"{""inode_cache"": 3818, ""kmalloc-2048"": 0, ""dentry"": 12726, ""kmalloc-256"": 952, ""kmalloc-1024"": 0, ""skbuff_head_cache"": 288}"
1774418138.8205867,116629,3271436,3401272,"{""inode_cache"": 3818, ""kmalloc-2048"": 0, ""dentry"": 12726, ""kmalloc-256"": 952, ""kmalloc-1024"": 0, ""skbuff_head_cache"": 288}"
1774418139.3213286,116629,3271532,3401364,"{""inode_cache"": 3818, ""kmalloc-2048"": 0, ""dentry"": 12726, ""kmalloc-256"": 952, ""kmalloc-1024"": 0, ""skbuff_head_cache"": 288}"
1774418139.8211646,116629,3271532,3401364,"{""inode_cache"": 3818, ""kmalloc-2048"": 0, ""dentry"": 12726, ""kmalloc-256"": 952, ""kmalloc-1024"": 0, ""skbuff_head_cache"": 288}"
1774418140.3215003,116629,3271532,3401372,"{""inode_cache"": 3818, ""kmalloc-2048"": 0, ""dentry"": 12726, ""kmalloc-256"": 952, ""kmalloc-1024"": 0, ""skbuff_head_cache"": 288}"
1774418140.8218527,116629,3271532,3401372,"{""inode_cache"": 3818, ""kmalloc-2048"": 0, ""dentry"": 12726, ""kmalloc-256"": 952, ""kmalloc-1024"": 0, ""skbuff_head_cache"": 288}"
1774418141.3224356,116629,3271532,3401372,"{""inode_cache"": 3818, ""kmalloc-2048"": 0, ""dentry"": 12726, ""kmalloc-256"": 952, ""kmalloc-1024"": 0, ""skbuff_head_cache"": 288}"
1774418141.8230872,116629,3271728,3401568,"{""inode_cache"": 3818, ""kmalloc-2048"": 0, ""dentry"": 12726, ""kmalloc-256"": 952, ""kmalloc-1024"": 0, ""skbuff_head_cache"": 288}"
1774418142.3232632,116629,3271728,3401568,"{""inode_cache"": 3818, ""kmalloc-2048"": 0, ""dentry"": 12726, ""kmalloc-256"": 952, ""kmalloc-1024"": 0, ""skbuff_head_cache"": 288}"
1774418142.8242242,116629,3271728,3401568,"{""inode_cache"": 3818, ""kmalloc-2048"": 0, ""dentry"": 12726, ""kmalloc-256"": 952, ""kmalloc-1024"": 0, ""skbuff_head_cache"": 288}"
1774418143.3247278,116629,3271728,3401568,"{""inode_cache"": 3818, ""kmalloc-2048"": 0, ""dentry"": 12726, ""kmalloc-256"": 952, ""kmalloc-1024"": 0, ""skbuff_head_cache"": 288}"
1774418143.8245919,116629,3271784,3401628,"{""inode_cache"": 3818, ""kmalloc-2048"": 0, ""dentry"": 12726, ""kmalloc-256"": 952, ""kmalloc-1024"": 0, ""skbuff_head_cache"": 288}"
1774418144.3252556,116629,3271784,3401628,"{""inode_cache"": 3818, ""kmalloc-2048"": 0, ""dentry"": 12726, ""kmalloc-256"": 952, ""kmalloc-1024"": 0, ""skbuff_head_cache"": 288}"
1774418144.8251476,116629,3271784,3401628,"{""inode_cache"": 3818, ""kmalloc-2048"": 0, ""dentry"": 12726, ""kmalloc-256"": 952, ""kmalloc-1024"": 0, ""skbuff_head_cache"": 288}"
1774418145.3254857,116629,3271784,3401628,"{""inode_cache"": 3818, ""kmalloc-2048"": 0, ""dentry"": 12726, ""kmalloc-256"": 952, ""kmalloc-1024"": 0, ""skbuff_head_cache"": 288}"
1774418145.826448,116629,3271784,3401628,"{""inode_cache"": 3818, ""kmalloc-2048"": 0, ""dentry"": 12726, ""kmalloc-256"": 952, ""kmalloc-1024"": 0, ""skbuff_head_cache"": 288}"
1774418146.327243,116629,3271784,3401628,"{""inode_cache"": 3818, ""kmalloc-2048"": 0, ""dentry"": 12726, ""kmalloc-256"": 952, ""kmalloc-1024"": 0, ""skbuff_head_cache"": 288}"
1774418146.82717,116629,3271784,3401628,"{""inode_cache"": 3818, ""kmalloc-2048"": 0, ""dentry"": 12726, ""kmalloc-256"": 952, ""kmalloc-1024"": 0, ""skbuff_head_cache"": 288}"
1774418147.3271215,116629,3271784,3401628,"{""inode_cache"": 3818, ""kmalloc-2048"": 0, ""dentry"": 12726, ""kmalloc-256"": 952, ""kmalloc-1024"": 0, ""skbuff_head_cache"": 288}"
1774418147.827621,116629,3271784,3401628,"{""inode_cache"": 3818, ""kmalloc-2048"": 0, ""dentry"": 12726, ""kmalloc-256"": 952, ""kmalloc-1024"": 0, ""skbuff_head_cache"": 288}"
1774418148.3278754,116629,3271784,3401628,"{""inode_cache"": 3818, ""kmalloc-2048"": 0, ""dentry"": 12726, ""kmalloc-256"": 952, ""kmalloc-1024"": 0, ""skbuff_head_cache"": 288}"
1774418148.8282132,116629,3271784,3401628,"{""inode_cache"": 3818, ""kmalloc-2048"": 0, ""dentry"": 12726, ""kmalloc-256"": 952, ""kmalloc-1024"": 0, ""skbuff_head_cache"": 288}"
1774418149.3288608,116629,3271784,3401628,"{""inode_cache"": 3818, ""kmalloc-2048"": 0, ""dentry"": 12726, ""kmalloc-256"": 952, ""kmalloc-1024"": 0, ""skbuff_head_cache"": 288}"
1774418149.8295562,116629,3271784,3401628,"{""inode_cache"": 3818, ""kmalloc-2048"": 0, ""dentry"": 12726, ""kmalloc-256"": 952, ""kmalloc-1024"": 0, ""skbuff_head_cache"": 288}"
1774418150.3293557,116629,3271784,3401628,"{""inode_cache"": 3818, ""kmalloc-2048"": 0, ""dentry"": 12726, ""kmalloc-256"": 952, ""kmalloc-1024"": 0, ""skbuff_head_cache"": 288}"
1774418150.8296843,116629,3271784,3401628,"{""inode_cache"": 3818, ""kmalloc-2048"": 0, ""dentry"": 12726, ""kmalloc-256"": 952, ""kmalloc-1024"": 0, ""skbuff_head_cache"": 288}"
1774418151.3300323,116629,3271784,3401628,"{""inode_cache"": 3818, ""kmalloc-2048"": 0, ""dentry"": 12726, ""kmalloc-256"": 952, ""kmalloc-1024"": 0, ""skbuff_head_cache"": 288}"
1774418151.8307211,116629,3271784,3401628,"{""inode_cache"": 3818, ""kmalloc-2048"": 0, ""dentry"": 12726, ""kmalloc-256"": 952, ""kmalloc-1024"": 0, ""skbuff_head_cache"": 288}"
1774418152.3313115,116629,3271784,3401628,"{""inode_cache"": 3818, ""kmalloc-2048"": 0, ""dentry"": 12726, ""kmalloc-256"": 952, ""kmalloc-1024"": 0, ""skbuff_head_cache"": 288}"
1774418152.8316386,116629,3271784,3401628,"{""inode_cache"": 3818, ""kmalloc-2048"": 0, ""dentry"": 12726, ""kmalloc-256"": 952, ""kmalloc-1024"": 0, ""skbuff_head_cache"": 288}"
1774418153.331871,116629,3271784,3401628,"{""inode_cache"": 3818, ""kmalloc-2048"": 0, ""dentry"": 12726, ""kmalloc-256"": 952, ""kmalloc-1024"": 0, ""skbuff_head_cache"": 288}"
1774418153.8322732,116629,3271784,3401628,"{""inode_cache"": 3818, ""kmalloc-2048"": 0, ""dentry"": 12726, ""kmalloc-256"": 952, ""kmalloc-1024"": 0, ""skbuff_head_cache"": 288}"
1774418154.332444,116629,3271784,3401628,"{""inode_cache"": 3818, ""kmalloc-2048"": 0, ""dentry"": 12726, ""kmalloc-256"": 952, ""kmalloc-1024"": 0, ""skbuff_head_cache"": 288}"
1774418154.832866,116629,3271784,3401628,"{""inode_cache"": 3818, ""kmalloc-2048"": 0, ""dentry"": 12726, ""kmalloc-256"": 952, ""kmalloc-1024"": 0, ""skbuff_head_cache"": 288}"
1774418155.3334641,116629,3271784,3401628,"{""inode_cache"": 3818, ""kmalloc-2048"": 0, ""dentry"": 12726, ""kmalloc-256"": 952, ""kmalloc-1024"": 0, ""skbuff_head_cache"": 288}"
1774418155.833575,116629,3271784,3401628,"{""inode_cache"": 3818, ""kmalloc-2048"": 0, ""dentry"": 12726, ""kmalloc-256"": 952, ""kmalloc-1024"": 0, ""skbuff_head_cache"": 288}"
1774418156.334113,116629,3271784,3401628,"{""inode_cache"": 3818, ""kmalloc-2048"": 0, ""dentry"": 12726, ""kmalloc-256"": 952, ""kmalloc-1024"": 0, ""skbuff_head_cache"": 288}"
1774418156.8346744,116629,3271784,3401628,"{""inode_cache"": 3818, ""kmalloc-2048"": 0, ""dentry"": 12726, ""kmalloc-256"": 952, ""kmalloc-1024"": 0, ""skbuff_head_cache"": 288}"
1774418157.334708,116629,3271784,3401628,"{""inode_cache"": 3818, ""kmalloc-2048"": 0, ""dentry"": 12726, ""kmalloc-256"": 952, ""kmalloc-1024"": 0, ""skbuff_head_cache"": 288}"
1774418157.835276,116629,3271784,3401628,"{""inode_cache"": 3818, ""kmalloc-2048"": 0, ""dentry"": 12726, ""kmalloc-256"": 952, ""kmalloc-1024"": 0, ""skbuff_head_cache"": 288}"
1774418158.33582,116629,3271784,3401628,"{""inode_cache"": 3818, ""kmalloc-2048"": 0, ""dentry"": 12726, ""kmalloc-256"": 952, ""kmalloc-1024"": 0, ""skbuff_head_cache"": 288}"
1774418158.8362718,116629,3271784,3401628,"{""inode_cache"": 3818, ""kmalloc-2048"": 0, ""dentry"": 12726, ""kmalloc-256"": 952, ""kmalloc-1024"": 0, ""skbuff_head_cache"": 288}"
1774418159.3361244,116629,3271784,3401628,"{""inode_cache"": 3818, ""kmalloc-2048"": 0, ""dentry"": 12726, ""kmalloc-256"": 952, ""kmalloc-1024"": 0, ""skbuff_head_cache"": 288}"
1774418159.8364902,116629,3271784,3401628,"{""inode_cache"": 3818, ""kmalloc-2048"": 0, ""dentry"": 12726, ""kmalloc-256"": 952, ""kmalloc-1024"": 0, ""skbuff_head_cache"": 288}"
1774418160.3373127,116629,3271784,3401636,"{""inode_cache"": 3818, ""kmalloc-2048"": 0, ""dentry"": 12726, ""kmalloc-256"": 952, ""kmalloc-1024"": 0, ""skbuff_head_cache"": 288}"
1774418160.8376524,116629,3271784,3401636,"{""inode_cache"": 3818, ""kmalloc-2048"": 0, ""dentry"": 12726, ""kmalloc-256"": 952, ""kmalloc-1024"": 0, ""skbuff_head_cache"": 288}"
1774418161.3377573,116629,3271784,3401636,"{""inode_cache"": 3818, ""kmalloc-2048"": 0, ""dentry"": 12726, ""kmalloc-256"": 952, ""kmalloc-1024"": 0, ""skbuff_head_cache"": 288}"
1774418161.8382468,116629,3271784,3401636,"{""inode_cache"": 3818, ""kmalloc-2048"": 0, ""dentry"": 12726, ""kmalloc-256"": 952, ""kmalloc-1024"": 0, ""skbuff_head_cache"": 288}"
1774418162.3390567,116629,3271784,3401636,"{""inode_cache"": 3818, ""kmalloc-2048"": 0, ""dentry"": 12726, ""kmalloc-256"": 952, ""kmalloc-1024"": 0, ""skbuff_head_cache"": 288}"
1774418162.8388598,116629,3271784,3401636,"{""inode_cache"": 3818, ""kmalloc-2048"": 0, ""dentry"": 12726, ""kmalloc-256"": 952, ""kmalloc-1024"": 0, ""skbuff_head_cache"": 288}"
1774418163.3390803,116629,3271784,3401636,"{""inode_cache"": 3818, ""kmalloc-2048"": 0, ""dentry"": 12726, ""kmalloc-256"": 952, ""kmalloc-1024"": 0, ""skbuff_head_cache"": 288}"
1774418163.8391435,116629,3271784,3401636,"{""inode_cache"": 3818, ""kmalloc-2048"": 0, ""dentry"": 12726, ""kmalloc-256"": 952, ""kmalloc-1024"": 0, ""skbuff_head_cache"": 288}"
1774418164.3395376,116637,3271532,3401384,"{""inode_cache"": 3818, ""kmalloc-2048"": 0, ""dentry"": 12726, ""kmalloc-256"": 952, ""kmalloc-1024"": 0, ""skbuff_head_cache"": 288}"
1774418164.8399315,116637,3271532,3401384,"{""inode_cache"": 3818, ""kmalloc-2048"": 0, ""dentry"": 12726, ""kmalloc-256"": 952, ""kmalloc-1024"": 0, ""skbuff_head_cache"": 288}"
1774418165.3402336,116637,3271532,3401384,"{""inode_cache"": 3818, ""kmalloc-2048"": 0, ""dentry"": 12726, ""kmalloc-256"": 952, ""kmalloc-1024"": 0, ""skbuff_head_cache"": 288}"
1774418165.840559,116637,3271532,3401384,"{""inode_cache"": 3818, ""kmalloc-2048"": 0, ""dentry"": 12726, ""kmalloc-256"": 952, ""kmalloc-1024"": 0, ""skbuff_head_cache"": 288}"
1774418166.3412566,116637,3271532,3401384,"{""inode_cache"": 3818, ""kmalloc-2048"": 0, ""dentry"": 12726, ""kmalloc-256"": 952, ""kmalloc-1024"": 0, ""skbuff_head_cache"": 288}"
1774418166.8417022,116637,3271532,3401384,"{""inode_cache"": 3818, ""kmalloc-2048"": 0, ""dentry"": 12726, ""kmalloc-256"": 952, ""kmalloc-1024"": 0, ""skbuff_head_cache"": 288}"
1774418167.34148,116637,3270776,3400628,"{""inode_cache"": 3818, ""kmalloc-2048"": 0, ""dentry"": 12726, ""kmalloc-256"": 952, ""kmalloc-1024"": 0, ""skbuff_head_cache"": 288}"
1774418167.841851,116637,3270776,3400628,"{""inode_cache"": 3818, ""kmalloc-2048"": 0, ""dentry"": 12726, ""kmalloc-256"": 952, ""kmalloc-1024"": 0, ""skbuff_head_cache"": 288}"
1774418168.3420987,116637,3272932,3402784,"{""inode_cache"": 3818, ""kmalloc-2048"": 0, ""dentry"": 12726, ""kmalloc-256"": 952, ""kmalloc-1024"": 0, ""skbuff_head_cache"": 288}"
1774418168.8425577,116637,3272932,3402784,"{""inode_cache"": 3818, ""kmalloc-2048"": 0, ""dentry"": 12726, ""kmalloc-256"": 952, ""kmalloc-1024"": 0, ""skbuff_head_cache"": 288}"
1774418169.3429322,116637,3272272,3402068,"{""inode_cache"": 3818, ""kmalloc-2048"": 0, ""dentry"": 12726, ""kmalloc-256"": 952, ""kmalloc-1024"": 0, ""skbuff_head_cache"": 288}"
1774418169.843287,116637,3272272,3402068,"{""inode_cache"": 3818, ""kmalloc-2048"": 0, ""dentry"": 12726, ""kmalloc-256"": 952, ""kmalloc-1024"": 0, ""skbuff_head_cache"": 288}"
1774418170.3438835,116637,3272272,3402068,"{""inode_cache"": 3818, ""kmalloc-2048"": 0, ""dentry"": 12726, ""kmalloc-256"": 952, ""kmalloc-1024"": 0, ""skbuff_head_cache"": 288}"
1774418170.8436434,116633,3272524,3402320,"{""inode_cache"": 3818, ""kmalloc-2048"": 0, ""dentry"": 12726, ""kmalloc-256"": 952, ""kmalloc-1024"": 0, ""skbuff_head_cache"": 288}"
1774418171.3438594,116633,3272524,3402320,"{""inode_cache"": 3818, ""kmalloc-2048"": 0, ""dentry"": 12726, ""kmalloc-256"": 952, ""kmalloc-1024"": 0, ""skbuff_head_cache"": 288}"
1774418171.8441613,116633,3272524,3402320,"{""inode_cache"": 3818, ""kmalloc-2048"": 0, ""dentry"": 12726, ""kmalloc-256"": 952, ""kmalloc-1024"": 0, ""skbuff_head_cache"": 288}"
1774418172.3445003,116633,3272524,3402320,"{""inode_cache"": 3818, ""kmalloc-2048"": 0, ""dentry"": 12726, ""kmalloc-256"": 952, ""kmalloc-1024"": 0, ""skbuff_head_cache"": 288}"
1774418172.8452055,116633,3272524,3402320,"{""inode_cache"": 3818, ""kmalloc-2048"": 0, ""dentry"": 12726, ""kmalloc-256"": 952, ""kmalloc-1024"": 0, ""skbuff_head_cache"": 288}"
1774418173.3452554,116633,3272524,3402320,"{""inode_cache"": 3818, ""kmalloc-2048"": 0, ""dentry"": 12726, ""kmalloc-256"": 952, ""kmalloc-1024"": 0, ""skbuff_head_cache"": 288}"
1774418173.8458338,116633,3272524,3402320,"{""inode_cache"": 3818, ""kmalloc-2048"": 0, ""dentry"": 12726, ""kmalloc-256"": 952, ""kmalloc-1024"": 0, ""skbuff_head_cache"": 288}"
1774418174.346913,116633,3272524,3402320,"{""inode_cache"": 3818, ""kmalloc-2048"": 0, ""dentry"": 12726, ""kmalloc-256"": 952, ""kmalloc-1024"": 0, ""skbuff_head_cache"": 288}"
1774418174.8467443,116633,3272524,3402320,"{""inode_cache"": 3818, ""kmalloc-2048"": 0, ""dentry"": 12726, ""kmalloc-256"": 952, ""kmalloc-1024"": 0, ""skbuff_head_cache"": 288}"
1774418175.3471828,116633,3272524,3402320,"{""inode_cache"": 3818, ""kmalloc-2048"": 0, ""dentry"": 12726, ""kmalloc-256"": 952, ""kmalloc-1024"": 0, ""skbuff_head_cache"": 288}"
1774418175.8473215,116633,3272524,3402320,"{""inode_cache"": 3818, ""kmalloc-2048"": 0, ""dentry"": 12726, ""kmalloc-256"": 952, ""kmalloc-1024"": 0, ""skbuff_head_cache"": 288}"
1774418176.348089,116633,3272524,3402320,"{""inode_cache"": 3818, ""kmalloc-2048"": 0, ""dentry"": 12726, ""kmalloc-256"": 952, ""kmalloc-1024"": 0, ""skbuff_head_cache"": 288}"
1774418176.848864,116633,3272524,3402320,"{""inode_cache"": 3818, ""kmalloc-2048"": 0, ""dentry"": 12726, ""kmalloc-256"": 952, ""kmalloc-1024"": 0, ""skbuff_head_cache"": 288}"
1774418177.3487546,116633,3272524,3402320,"{""inode_cache"": 3818, ""kmalloc-2048"": 0, ""dentry"": 12726, ""kmalloc-256"": 952, ""kmalloc-1024"": 0, ""skbuff_head_cache"": 288}"
1774418177.849299,116633,3272524,3402320,"{""inode_cache"": 3818, ""kmalloc-2048"": 0, ""dentry"": 12726, ""kmalloc-256"": 952, ""kmalloc-1024"": 0, ""skbuff_head_cache"": 288}"
1774418178.3495367,116633,3272524,3402320,"{""inode_cache"": 3818, ""kmalloc-2048"": 0, ""dentry"": 12726, ""kmalloc-256"": 952, ""kmalloc-1024"": 0, ""skbuff_head_cache"": 288}"
1774418178.8508782,116633,3272524,3402320,"{""inode_cache"": 3818, ""kmalloc-2048"": 0, ""dentry"": 12726, ""kmalloc-256"": 952, ""kmalloc-1024"": 0, ""skbuff_head_cache"": 288}"
1774418179.3507495,116633,3272524,3402320,"{""inode_cache"": 3818, ""kmalloc-2048"": 0, ""dentry"": 12726, ""kmalloc-256"": 952, ""kmalloc-1024"": 0, ""skbuff_head_cache"": 288}"
1774418179.8509376,116633,3272524,3402320,"{""inode_cache"": 3818, ""kmalloc-2048"": 0, ""dentry"": 12726, ""kmalloc-256"": 952, ""kmalloc-1024"": 0, ""skbuff_head_cache"": 288}"
1774418180.351136,116633,3272524,3402320,"{""inode_cache"": 3818, ""kmalloc-2048"": 0, ""dentry"": 12726, ""kmalloc-256"": 952, ""kmalloc-1024"": 0, ""skbuff_head_cache"": 288}"
1774418180.8518505,116633,3272524,3402320,"{""inode_cache"": 3818, ""kmalloc-2048"": 0, ""dentry"": 12726, ""kmalloc-256"": 952, ""kmalloc-1024"": 0, ""skbuff_head_cache"": 288}"
1774418181.3518348,116633,3272524,3402320,"{""inode_cache"": 3818, ""kmalloc-2048"": 0, ""dentry"": 12726, ""kmalloc-256"": 952, ""kmalloc-1024"": 0, ""skbuff_head_cache"": 288}"
1774418181.8521118,116633,3272524,3402320,"{""inode_cache"": 3818, ""kmalloc-2048"": 0, ""dentry"": 12726, ""kmalloc-256"": 952, ""kmalloc-1024"": 0, ""skbuff_head_cache"": 288}"
1774418182.352425,116633,3272524,3402320,"{""inode_cache"": 3818, ""kmalloc-2048"": 0, ""dentry"": 12726, ""kmalloc-256"": 952, ""kmalloc-1024"": 0, ""skbuff_head_cache"": 288}"
1774418182.8529284,116633,3272524,3402320,"{""inode_cache"": 3818, ""kmalloc-2048"": 0, ""dentry"": 12726, ""kmalloc-256"": 952, ""kmalloc-1024"": 0, ""skbuff_head_cache"": 288}"
1774418183.353302,116633,3272524,3402320,"{""inode_cache"": 3818, ""kmalloc-2048"": 0, ""dentry"": 12726, ""kmalloc-256"": 952, ""kmalloc-1024"": 0, ""skbuff_head_cache"": 288}"
1774418183.853563,116633,3272524,3402320,"{""inode_cache"": 3818, ""kmalloc-2048"": 0, ""dentry"": 12726, ""kmalloc-256"": 952, ""kmalloc-1024"": 0, ""skbuff_head_cache"": 288}"
1774418184.3546813,116633,3272524,3402320,"{""inode_cache"": 3818, ""kmalloc-2048"": 0, ""dentry"": 12726, ""kmalloc-256"": 952, ""kmalloc-1024"": 0, ""skbuff_head_cache"": 288}"
1774418184.8540797,116633,3272524,3402320,"{""inode_cache"": 3818, ""kmalloc-2048"": 0, ""dentry"": 12726, ""kmalloc-256"": 952, ""kmalloc-1024"": 0, ""skbuff_head_cache"": 288}"
1774418185.3546839,116633,3272524,3402320,"{""inode_cache"": 3818, ""kmalloc-2048"": 0, ""dentry"": 12726, ""kmalloc-256"": 952, ""kmalloc-1024"": 0, ""skbuff_head_cache"": 288}"
1774418185.8552687,116633,3272524,3402320,"{""inode_cache"": 3818, ""kmalloc-2048"": 0, ""dentry"": 12726, ""kmalloc-256"": 952, ""kmalloc-1024"": 0, ""skbuff_head_cache"": 288}"
1774418186.3560984,116633,3272524,3402320,"{""inode_cache"": 3818, ""kmalloc-2048"": 0, ""dentry"": 12726, ""kmalloc-256"": 952, ""kmalloc-1024"": 0, ""skbuff_head_cache"": 288}"
1774418186.8560731,116633,3272524,3402320,"{""inode_cache"": 3818, ""kmalloc-2048"": 0, ""dentry"": 12726, ""kmalloc-256"": 952, ""kmalloc-1024"": 0, ""skbuff_head_cache"": 288}"
1774418187.356401,116633,3272524,3402320,"{""inode_cache"": 3818, ""kmalloc-2048"": 0, ""dentry"": 12726, ""kmalloc-256"": 952, ""kmalloc-1024"": 0, ""skbuff_head_cache"": 288}"
1774418187.8566074,116637,3272020,3401816,"{""inode_cache"": 3818, ""kmalloc-2048"": 0, ""dentry"": 12726, ""kmalloc-256"": 952, ""kmalloc-1024"": 0, ""skbuff_head_cache"": 288}"
1774418188.3572478,116637,3272020,3401872,"{""inode_cache"": 3818, ""kmalloc-2048"": 0, ""dentry"": 12726, ""kmalloc-256"": 952, ""kmalloc-1024"": 0, ""skbuff_head_cache"": 288}"
1774418188.8575265,116637,3272020,3401872,"{""inode_cache"": 3818, ""kmalloc-2048"": 0, ""dentry"": 12726, ""kmalloc-256"": 952, ""kmalloc-1024"": 0, ""skbuff_head_cache"": 288}"
1774418189.3578467,116637,3272020,3401872,"{""inode_cache"": 3818, ""kmalloc-2048"": 0, ""dentry"": 12726, ""kmalloc-256"": 952, ""kmalloc-1024"": 0, ""skbuff_head_cache"": 288}"
1774418189.8581476,116637,3271768,3401620,"{""inode_cache"": 3818, ""kmalloc-2048"": 0, ""dentry"": 12726, ""kmalloc-256"": 952, ""kmalloc-1024"": 0, ""skbuff_head_cache"": 288}"
1774418190.3583698,116637,3271768,3401620,"{""inode_cache"": 3818, ""kmalloc-2048"": 0, ""dentry"": 12726, ""kmalloc-256"": 952, ""kmalloc-1024"": 0, ""skbuff_head_cache"": 288}"
1774418190.8587208,116637,3271768,3401620,"{""inode_cache"": 3818, ""kmalloc-2048"": 0, ""dentry"": 12726, ""kmalloc-256"": 952, ""kmalloc-1024"": 0, ""skbuff_head_cache"": 288}"
1774418191.359239,116637,3271768,3401620,"{""inode_cache"": 3818, ""kmalloc-2048"": 0, ""dentry"": 12726, ""kmalloc-256"": 952, ""kmalloc-1024"": 0, ""skbuff_head_cache"": 288}"
1774418191.85928,116637,3271768,3401620,"{""inode_cache"": 3818, ""kmalloc-2048"": 0, ""dentry"": 12726, ""kmalloc-256"": 952, ""kmalloc-1024"": 0, ""skbuff_head_cache"": 288}"
1774418192.3600492,116637,3271768,3401620,"{""inode_cache"": 3818, ""kmalloc-2048"": 0, ""dentry"": 12726, ""kmalloc-256"": 952, ""kmalloc-1024"": 0, ""skbuff_head_cache"": 288}"
1774418192.860277,116621,3273924,3403776,"{""inode_cache"": 3818, ""kmalloc-2048"": 0, ""dentry"": 12726, ""kmalloc-256"": 952, ""kmalloc-1024"": 0, ""skbuff_head_cache"": 288}"
1774418193.3606708,116621,3273924,3403776,"{""inode_cache"": 3818, ""kmalloc-2048"": 0, ""dentry"": 12726, ""kmalloc-256"": 952, ""kmalloc-1024"": 0, ""skbuff_head_cache"": 288}"
1774418193.8611436,116621,3273976,3403828,"{""inode_cache"": 3818, ""kmalloc-2048"": 0, ""dentry"": 12726, ""kmalloc-256"": 952, ""kmalloc-1024"": 0, ""skbuff_head_cache"": 288}"
1774418194.3613534,116621,3273976,3403828,"{""inode_cache"": 3818, ""kmalloc-2048"": 0, ""dentry"": 12726, ""kmalloc-256"": 952, ""kmalloc-1024"": 0, ""skbuff_head_cache"": 288}"
1774418194.8616886,116621,3273976,3403828,"{""inode_cache"": 3818, ""kmalloc-2048"": 0, ""dentry"": 12726, ""kmalloc-256"": 952, ""kmalloc-1024"": 0, ""skbuff_head_cache"": 288}"
1774418195.3628702,116621,3273976,3403828,"{""inode_cache"": 3818, ""kmalloc-2048"": 0, ""dentry"": 12726, ""kmalloc-256"": 952, ""kmalloc-1024"": 0, ""skbuff_head_cache"": 288}"
1774418195.8628001,116621,3273976,3403828,"{""inode_cache"": 3818, ""kmalloc-2048"": 0, ""dentry"": 12726, ""kmalloc-256"": 952, ""kmalloc-1024"": 0, ""skbuff_head_cache"": 288}"
1774418196.3633175,116621,3273976,3403828,"{""inode_cache"": 3818, ""kmalloc-2048"": 0, ""dentry"": 12726, ""kmalloc-256"": 952, ""kmalloc-1024"": 0, ""skbuff_head_cache"": 288}"
1774418196.8633552,116621,3273976,3403828,"{""inode_cache"": 3818, ""kmalloc-2048"": 0, ""dentry"": 12726, ""kmalloc-256"": 952, ""kmalloc-1024"": 0, ""skbuff_head_cache"": 288}"
1774418197.3634531,116621,3273976,3403828,"{""inode_cache"": 3818, ""kmalloc-2048"": 0, ""dentry"": 12726, ""kmalloc-256"": 952, ""kmalloc-1024"": 0, ""skbuff_head_cache"": 288}"
1774418197.8638232,116621,3273976,3403828,"{""inode_cache"": 3818, ""kmalloc-2048"": 0, ""dentry"": 12726, ""kmalloc-256"": 952, ""kmalloc-1024"": 0, ""skbuff_head_cache"": 288}"
1774418198.3641577,116621,3273976,3403828,"{""inode_cache"": 3818, ""kmalloc-2048"": 0, ""dentry"": 12726, ""kmalloc-256"": 952, ""kmalloc-1024"": 0, ""skbuff_head_cache"": 288}"
1774418198.864727,116621,3273976,3403828,"{""inode_cache"": 3818, ""kmalloc-2048"": 0, ""dentry"": 12726, ""kmalloc-256"": 952, ""kmalloc-1024"": 0, ""skbuff_head_cache"": 288}"
1774418199.3653677,116621,3273776,3403628,"{""inode_cache"": 3818, ""kmalloc-2048"": 0, ""dentry"": 12726, ""kmalloc-256"": 952, ""kmalloc-1024"": 0, ""skbuff_head_cache"": 288}"
1774418199.86574,116621,3273776,3403628,"{""inode_cache"": 3818, ""kmalloc-2048"": 0, ""dentry"": 12726, ""kmalloc-256"": 952, ""kmalloc-1024"": 0, ""skbuff_head_cache"": 288}"
1774418200.366114,116621,3273616,3403468,"{""inode_cache"": 3818, ""kmalloc-2048"": 0, ""dentry"": 12726, ""kmalloc-256"": 952, ""kmalloc-1024"": 0, ""skbuff_head_cache"": 288}"
1774418200.8663847,116621,3273616,3403468,"{""inode_cache"": 3818, ""kmalloc-2048"": 0, ""dentry"": 12726, ""kmalloc-256"": 952, ""kmalloc-1024"": 0, ""skbuff_head_cache"": 288}"
1774418201.3664374,116621,3273616,3403468,"{""inode_cache"": 3818, ""kmalloc-2048"": 0, ""dentry"": 12726, ""kmalloc-256"": 952, ""kmalloc-1024"": 0, ""skbuff_head_cache"": 288}"
1774418201.8671389,116621,3273616,3403468,"{""inode_cache"": 3818, ""kmalloc-2048"": 0, ""dentry"": 12726, ""kmalloc-256"": 952, ""kmalloc-1024"": 0, ""skbuff_head_cache"": 288}"
1774418202.3670988,116621,3273616,3403468,"{""inode_cache"": 3818, ""kmalloc-2048"": 0, ""dentry"": 12726, ""kmalloc-256"": 952, ""kmalloc-1024"": 0, ""skbuff_head_cache"": 288}"
1774418202.867477,116621,3273616,3403468,"{""inode_cache"": 3818, ""kmalloc-2048"": 0, ""dentry"": 12726, ""kmalloc-256"": 952, ""kmalloc-1024"": 0, ""skbuff_head_cache"": 288}"
1774418203.3679924,116621,3273616,3403468,"{""inode_cache"": 3818, ""kmalloc-2048"": 0, ""dentry"": 12726, ""kmalloc-256"": 952, ""kmalloc-1024"": 0, ""skbuff_head_cache"": 288}"
1774418203.8682566,116621,3273616,3403468,"{""inode_cache"": 3818, ""kmalloc-2048"": 0, ""dentry"": 12726, ""kmalloc-256"": 952, ""kmalloc-1024"": 0, ""skbuff_head_cache"": 288}"
1774418204.3689108,116621,3273616,3403468,"{""inode_cache"": 3818, ""kmalloc-2048"": 0, ""dentry"": 12726, ""kmalloc-256"": 952, ""kmalloc-1024"": 0, ""skbuff_head_cache"": 288}"
1774418204.8689578,116621,3273616,3403468,"{""inode_cache"": 3818, ""kmalloc-2048"": 0, ""dentry"": 12726, ""kmalloc-256"": 952, ""kmalloc-1024"": 0, ""skbuff_head_cache"": 288}"
1774418205.3696108,116621,3273616,3403468,"{""inode_cache"": 3818, ""kmalloc-2048"": 0, ""dentry"": 12726, ""kmalloc-256"": 952, ""kmalloc-1024"": 0, ""skbuff_head_cache"": 288}"
1774418205.869668,116621,3273616,3403468,"{""inode_cache"": 3818, ""kmalloc-2048"": 0, ""dentry"": 12726, ""kmalloc-256"": 952, ""kmalloc-1024"": 0, ""skbuff_head_cache"": 288}"
1774418206.3700705,116621,3273616,3403468,"{""inode_cache"": 3818, ""kmalloc-2048"": 0, ""dentry"": 12726, ""kmalloc-256"": 952, ""kmalloc-1024"": 0, ""skbuff_head_cache"": 288}"
1774418206.8705788,116621,3273616,3403468,"{""inode_cache"": 3818, ""kmalloc-2048"": 0, ""dentry"": 12726, ""kmalloc-256"": 952, ""kmalloc-1024"": 0, ""skbuff_head_cache"": 288}"
1774418207.3709407,116621,3273616,3403468,"{""inode_cache"": 3818, ""kmalloc-2048"": 0, ""dentry"": 12726, ""kmalloc-256"": 952, ""kmalloc-1024"": 0, ""skbuff_head_cache"": 288}"
1774418207.8717468,116621,3273616,3403468,"{""inode_cache"": 3818, ""kmalloc-2048"": 0, ""dentry"": 12726, ""kmalloc-256"": 952, ""kmalloc-1024"": 0, ""skbuff_head_cache"": 288}"
1774418208.3716414,116621,3273616,3403468,"{""inode_cache"": 3818, ""kmalloc-2048"": 0, ""dentry"": 12726, ""kmalloc-256"": 952, ""kmalloc-1024"": 0, ""skbuff_head_cache"": 288}"
1774418208.8720698,116621,3273616,3403468,"{""inode_cache"": 3818, ""kmalloc-2048"": 0, ""dentry"": 12726, ""kmalloc-256"": 952, ""kmalloc-1024"": 0, ""skbuff_head_cache"": 288}"
1774418209.371999,116621,3272612,3402464,"{""inode_cache"": 3818, ""kmalloc-2048"": 0, ""dentry"": 12726, ""kmalloc-256"": 952, ""kmalloc-1024"": 0, ""skbuff_head_cache"": 288}"
1774418209.8723295,116621,3272612,3402464,"{""inode_cache"": 3818, ""kmalloc-2048"": 0, ""dentry"": 12726, ""kmalloc-256"": 952, ""kmalloc-1024"": 0, ""skbuff_head_cache"": 288}"
1774418210.3728318,116621,3272612,3402464,"{""inode_cache"": 3818, ""kmalloc-2048"": 0, ""dentry"": 12726, ""kmalloc-256"": 952, ""kmalloc-1024"": 0, ""skbuff_head_cache"": 288}"
1774418210.8731792,116621,3272612,3402464,"{""inode_cache"": 3818, ""kmalloc-2048"": 0, ""dentry"": 12726, ""kmalloc-256"": 952, ""kmalloc-1024"": 0, ""skbuff_head_cache"": 288}"
1774418211.373584,116621,3272612,3402464,"{""inode_cache"": 3818, ""kmalloc-2048"": 0, ""dentry"": 12726, ""kmalloc-256"": 952, ""kmalloc-1024"": 0, ""skbuff_head_cache"": 288}"
1774418211.8744626,116621,3272612,3402464,"{""inode_cache"": 3818, ""kmalloc-2048"": 0, ""dentry"": 12726, ""kmalloc-256"": 952, ""kmalloc-1024"": 0, ""skbuff_head_cache"": 288}"
1774418212.3741488,116621,3272612,3402464,"{""inode_cache"": 3818, ""kmalloc-2048"": 0, ""dentry"": 12726, ""kmalloc-256"": 952, ""kmalloc-1024"": 0, ""skbuff_head_cache"": 288}"
1774418212.8746476,116621,3272612,3402464,"{""inode_cache"": 3818, ""kmalloc-2048"": 0, ""dentry"": 12726, ""kmalloc-256"": 952, ""kmalloc-1024"": 0, ""skbuff_head_cache"": 288}"
1774418213.374694,116621,3272612,3402464,"{""inode_cache"": 3818, ""kmalloc-2048"": 0, ""dentry"": 12726, ""kmalloc-256"": 952, ""kmalloc-1024"": 0, ""skbuff_head_cache"": 288}"
1774418213.8752568,116621,3272612,3402464,"{""inode_cache"": 3818, ""kmalloc-2048"": 0, ""dentry"": 12726, ""kmalloc-256"": 952, ""kmalloc-1024"": 0, ""skbuff_head_cache"": 288}"
1774418214.3755558,116621,3272612,3402464,"{""inode_cache"": 3818, ""kmalloc-2048"": 0, ""dentry"": 12726, ""kmalloc-256"": 952, ""kmalloc-1024"": 0, ""skbuff_head_cache"": 288}"
1774418214.8755832,116621,3272612,3402464,"{""inode_cache"": 3818, ""kmalloc-2048"": 0, ""dentry"": 12726, ""kmalloc-256"": 952, ""kmalloc-1024"": 0, ""skbuff_head_cache"": 288}"
1774418215.3757877,116621,3272612,3402464,"{""inode_cache"": 3818, ""kmalloc-2048"": 0, ""dentry"": 12726, ""kmalloc-256"": 952, ""kmalloc-1024"": 0, ""skbuff_head_cache"": 288}"
1774418215.8761237,116621,3272612,3402464,"{""inode_cache"": 3818, ""kmalloc-2048"": 0, ""dentry"": 12726, ""kmalloc-256"": 952, ""kmalloc-1024"": 0, ""skbuff_head_cache"": 288}"
1774418216.3766396,116621,3272612,3402464,"{""inode_cache"": 3818, ""kmalloc-2048"": 0, ""dentry"": 12726, ""kmalloc-256"": 952, ""kmalloc-1024"": 0, ""skbuff_head_cache"": 288}"
1774418216.876787,116621,3272612,3402464,"{""inode_cache"": 3818, ""kmalloc-2048"": 0, ""dentry"": 12726, ""kmalloc-256"": 952, ""kmalloc-1024"": 0, ""skbuff_head_cache"": 288}"
1774418217.3776898,116621,3272612,3402464,"{""inode_cache"": 3818, ""kmalloc-2048"": 0, ""dentry"": 12726, ""kmalloc-256"": 952, ""kmalloc-1024"": 0, ""skbuff_head_cache"": 288}"
1774418217.8776932,116621,3272612,3402464,"{""inode_cache"": 3818, ""kmalloc-2048"": 0, ""dentry"": 12726, ""kmalloc-256"": 952, ""kmalloc-1024"": 0, ""skbuff_head_cache"": 288}"
1774418218.378703,116621,3272612,3402464,"{""inode_cache"": 3818, ""kmalloc-2048"": 0, ""dentry"": 12726, ""kmalloc-256"": 952, ""kmalloc-1024"": 0, ""skbuff_head_cache"": 288}"
1774418218.8784401,116621,3272612,3402464,"{""inode_cache"": 3818, ""kmalloc-2048"": 0, ""dentry"": 12726, ""kmalloc-256"": 952, ""kmalloc-1024"": 0, ""skbuff_head_cache"": 288}"
1774418219.3785162,116621,3272612,3402464,"{""inode_cache"": 3818, ""kmalloc-2048"": 0, ""dentry"": 12726, ""kmalloc-256"": 952, ""kmalloc-1024"": 0, ""skbuff_head_cache"": 288}"
1774418219.8790705,116621,3272612,3402464,"{""inode_cache"": 3818, ""kmalloc-2048"": 0, ""dentry"": 12726, ""kmalloc-256"": 952, ""kmalloc-1024"": 0, ""skbuff_head_cache"": 288}"
1774418220.379234,116621,3272612,3402464,"{""inode_cache"": 3818, ""kmalloc-2048"": 0, ""dentry"": 12726, ""kmalloc-256"": 952, ""kmalloc-1024"": 0, ""skbuff_head_cache"": 288}"
1774418220.879821,116621,3272612,3402464,"{""inode_cache"": 3818, ""kmalloc-2048"": 0, ""dentry"": 12726, ""kmalloc-256"": 952, ""kmalloc-1024"": 0, ""skbuff_head_cache"": 288}"
1774418221.3801892,116621,3272612,3402464,"{""inode_cache"": 3818, ""kmalloc-2048"": 0, ""dentry"": 12726, ""kmalloc-256"": 952, ""kmalloc-1024"": 0, ""skbuff_head_cache"": 288}"
1774418221.8803442,116621,3272612,3402464,"{""inode_cache"": 3818, ""kmalloc-2048"": 0, ""dentry"": 12726, ""kmalloc-256"": 952, ""kmalloc-1024"": 0, ""skbuff_head_cache"": 288}"
1774418222.3806612,116621,3272612,3402464,"{""inode_cache"": 3818, ""kmalloc-2048"": 0, ""dentry"": 12726, ""kmalloc-256"": 952, ""kmalloc-1024"": 0, ""skbuff_head_cache"": 288}"
1774418222.881041,116621,3272612,3402464,"{""inode_cache"": 3818, ""kmalloc-2048"": 0, ""dentry"": 12726, ""kmalloc-256"": 952, ""kmalloc-1024"": 0, ""skbuff_head_cache"": 288}"
1774418223.3812912,116621,3272612,3402464,"{""inode_cache"": 3818, ""kmalloc-2048"": 0, ""dentry"": 12726, ""kmalloc-256"": 952, ""kmalloc-1024"": 0, ""skbuff_head_cache"": 288}"
1774418223.8814468,116621,3272612,3402464,"{""inode_cache"": 3818, ""kmalloc-2048"": 0, ""dentry"": 12726, ""kmalloc-256"": 952, ""kmalloc-1024"": 0, ""skbuff_head_cache"": 288}"
1774418224.3818214,116621,3272108,3401960,"{""inode_cache"": 3818, ""kmalloc-2048"": 0, ""dentry"": 12726, ""kmalloc-256"": 952, ""kmalloc-1024"": 0, ""skbuff_head_cache"": 288}"
1774418224.8825498,116621,3272108,3401960,"{""inode_cache"": 3818, ""kmalloc-2048"": 0, ""dentry"": 12726, ""kmalloc-256"": 952, ""kmalloc-1024"": 0, ""skbuff_head_cache"": 288}"
1774418225.382456,116621,3272108,3401960,"{""inode_cache"": 3818, ""kmalloc-2048"": 0, ""dentry"": 12726, ""kmalloc-256"": 952, ""kmalloc-1024"": 0, ""skbuff_head_cache"": 288}"
1774418225.8828914,116621,3272108,3401960,"{""inode_cache"": 3818, ""kmalloc-2048"": 0, ""dentry"": 12726, ""kmalloc-256"": 952, ""kmalloc-1024"": 0, ""skbuff_head_cache"": 288}"
1774418226.3829467,116621,3272108,3401960,"{""inode_cache"": 3818, ""kmalloc-2048"": 0, ""dentry"": 12726, ""kmalloc-256"": 952, ""kmalloc-1024"": 0, ""skbuff_head_cache"": 288}"
1774418226.883331,116621,3272108,3401960,"{""inode_cache"": 3818, ""kmalloc-2048"": 0, ""dentry"": 12726, ""kmalloc-256"": 952, ""kmalloc-1024"": 0, ""skbuff_head_cache"": 288}"
1774418227.3837905,116621,3271856,3401708,"{""inode_cache"": 3818, ""kmalloc-2048"": 0, ""dentry"": 12726, ""kmalloc-256"": 952, ""kmalloc-1024"": 0, ""skbuff_head_cache"": 288}"
1774418227.8839,116621,3271856,3401708,"{""inode_cache"": 3818, ""kmalloc-2048"": 0, ""dentry"": 12726, ""kmalloc-256"": 952, ""kmalloc-1024"": 0, ""skbuff_head_cache"": 288}"
1774418228.3844283,116621,3271856,3401708,"{""inode_cache"": 3818, ""kmalloc-2048"": 0, ""dentry"": 12726, ""kmalloc-256"": 952, ""kmalloc-1024"": 0, ""skbuff_head_cache"": 288}"
1774418228.884284,116621,3271856,3401708,"{""inode_cache"": 3818, ""kmalloc-2048"": 0, ""dentry"": 12726, ""kmalloc-256"": 952, ""kmalloc-1024"": 0, ""skbuff_head_cache"": 288}"
1774418229.384399,116621,3271632,3401492,"{""inode_cache"": 3818, ""kmalloc-2048"": 0, ""dentry"": 12726, ""kmalloc-256"": 952, ""kmalloc-1024"": 0, ""skbuff_head_cache"": 288}"
1774418229.884729,116621,3271632,3401492,"{""inode_cache"": 3818, ""kmalloc-2048"": 0, ""dentry"": 12726, ""kmalloc-256"": 952, ""kmalloc-1024"": 0, ""skbuff_head_cache"": 288}"
1774418230.3853316,116621,3271444,3401304,"{""inode_cache"": 3818, ""kmalloc-2048"": 0, ""dentry"": 12726, ""kmalloc-256"": 952, ""kmalloc-1024"": 0, ""skbuff_head_cache"": 288}"
1774418230.8855383,116621,3272200,3402060,"{""inode_cache"": 3818, ""kmalloc-2048"": 0, ""dentry"": 12726, ""kmalloc-256"": 952, ""kmalloc-1024"": 0, ""skbuff_head_cache"": 288}"
1774418231.385908,116621,3272200,3402060,"{""inode_cache"": 3818, ""kmalloc-2048"": 0, ""dentry"": 12726, ""kmalloc-256"": 952, ""kmalloc-1024"": 0, ""skbuff_head_cache"": 288}"
1774418231.8867185,116621,3272200,3402060,"{""inode_cache"": 3818, ""kmalloc-2048"": 0, ""dentry"": 12726, ""kmalloc-256"": 952, ""kmalloc-1024"": 0, ""skbuff_head_cache"": 288}"
1774418232.386958,116621,3272200,3402060,"{""inode_cache"": 3818, ""kmalloc-2048"": 0, ""dentry"": 12726, ""kmalloc-256"": 952, ""kmalloc-1024"": 0, ""skbuff_head_cache"": 288}"
1774418232.8869772,116621,3272200,3402060,"{""inode_cache"": 3818, ""kmalloc-2048"": 0, ""dentry"": 12726, ""kmalloc-256"": 952, ""kmalloc-1024"": 0, ""skbuff_head_cache"": 288}"
1774418233.3879309,116621,3272200,3402060,"{""inode_cache"": 3818, ""kmalloc-2048"": 0, ""dentry"": 12726, ""kmalloc-256"": 952, ""kmalloc-1024"": 0, ""skbuff_head_cache"": 288}"
1774418233.8876696,116621,3272200,3402060,"{""inode_cache"": 3818, ""kmalloc-2048"": 0, ""dentry"": 12726, ""kmalloc-256"": 952, ""kmalloc-1024"": 0, ""skbuff_head_cache"": 288}"
1774418234.388162,116621,3272200,3402060,"{""inode_cache"": 3818, ""kmalloc-2048"": 0, ""dentry"": 12726, ""kmalloc-256"": 952, ""kmalloc-1024"": 0, ""skbuff_head_cache"": 288}"
1774418234.8884175,116621,3272200,3402060,"{""inode_cache"": 3818, ""kmalloc-2048"": 0, ""dentry"": 12726, ""kmalloc-256"": 952, ""kmalloc-1024"": 0, ""skbuff_head_cache"": 288}"
1774418235.3888688,116621,3272200,3402060,"{""inode_cache"": 3818, ""kmalloc-2048"": 0, ""dentry"": 12726, ""kmalloc-256"": 952, ""kmalloc-1024"": 0, ""skbuff_head_cache"": 288}"
1774418235.8893957,116621,3272200,3402060,"{""inode_cache"": 3818, ""kmalloc-2048"": 0, ""dentry"": 12726, ""kmalloc-256"": 952, ""kmalloc-1024"": 0, ""skbuff_head_cache"": 288}"
1774418236.389671,116621,3272200,3402060,"{""inode_cache"": 3818, ""kmalloc-2048"": 0, ""dentry"": 12726, ""kmalloc-256"": 952, ""kmalloc-1024"": 0, ""skbuff_head_cache"": 288}"
1774418236.890462,116621,3272200,3402060,"{""inode_cache"": 3818, ""kmalloc-2048"": 0, ""dentry"": 12726, ""kmalloc-256"": 952, ""kmalloc-1024"": 0, ""skbuff_head_cache"": 288}"
1774418237.3901873,116621,3272200,3402060,"{""inode_cache"": 3818, ""kmalloc-2048"": 0, ""dentry"": 12726, ""kmalloc-256"": 952, ""kmalloc-1024"": 0, ""skbuff_head_cache"": 288}"
1774418237.8913984,116621,3272200,3402060,"{""inode_cache"": 3818, ""kmalloc-2048"": 0, ""dentry"": 12726, ""kmalloc-256"": 952, ""kmalloc-1024"": 0, ""skbuff_head_cache"": 288}"
1774418238.3914795,116621,3272200,3402060,"{""inode_cache"": 3818, ""kmalloc-2048"": 0, ""dentry"": 12726, ""kmalloc-256"": 952, ""kmalloc-1024"": 0, ""skbuff_head_cache"": 288}"
1774418238.8926942,116621,3272200,3402060,"{""inode_cache"": 3818, ""kmalloc-2048"": 0, ""dentry"": 12726, ""kmalloc-256"": 952, ""kmalloc-1024"": 0, ""skbuff_head_cache"": 288}"
1774418239.3925648,116621,3272200,3402060,"{""inode_cache"": 3818, ""kmalloc-2048"": 0, ""dentry"": 12726, ""kmalloc-256"": 952, ""kmalloc-1024"": 0, ""skbuff_head_cache"": 288}"
1774418239.8928041,116621,3272200,3402060,"{""inode_cache"": 3818, ""kmalloc-2048"": 0, ""dentry"": 12726, ""kmalloc-256"": 952, ""kmalloc-1024"": 0, ""skbuff_head_cache"": 288}"
1774418240.3938153,116621,3272200,3402060,"{""inode_cache"": 3818, ""kmalloc-2048"": 0, ""dentry"": 12726, ""kmalloc-256"": 952, ""kmalloc-1024"": 0, ""skbuff_head_cache"": 288}"
1774418240.893664,116621,3272200,3402060,"{""inode_cache"": 3818, ""kmalloc-2048"": 0, ""dentry"": 12726, ""kmalloc-256"": 952, ""kmalloc-1024"": 0, ""skbuff_head_cache"": 288}"
1774418241.3938963,116621,3272200,3402060,"{""inode_cache"": 3818, ""kmalloc-2048"": 0, ""dentry"": 12726, ""kmalloc-256"": 952, ""kmalloc-1024"": 0, ""skbuff_head_cache"": 288}"
1774418241.8950589,116621,3272200,3402060,"{""inode_cache"": 3818, ""kmalloc-2048"": 0, ""dentry"": 12726, ""kmalloc-256"": 952, ""kmalloc-1024"": 0, ""skbuff_head_cache"": 288}"
1774418242.3948781,116621,3272200,3402060,"{""inode_cache"": 3818, ""kmalloc-2048"": 0, ""dentry"": 12726, ""kmalloc-256"": 952, ""kmalloc-1024"": 0, ""skbuff_head_cache"": 288}"
1774418242.8955057,116621,3272200,3402060,"{""inode_cache"": 3818, ""kmalloc-2048"": 0, ""dentry"": 12726, ""kmalloc-256"": 952, ""kmalloc-1024"": 0, ""skbuff_head_cache"": 288}"
1774418243.395564,116621,3272200,3402060,"{""inode_cache"": 3818, ""kmalloc-2048"": 0, ""dentry"": 12726, ""kmalloc-256"": 952, ""kmalloc-1024"": 0, ""skbuff_head_cache"": 288}"
1774418243.8957877,116621,3272200,3402060,"{""inode_cache"": 3818, ""kmalloc-2048"": 0, ""dentry"": 12726, ""kmalloc-256"": 952, ""kmalloc-1024"": 0, ""skbuff_head_cache"": 288}"
1774418244.396378,116621,3272200,3402060,"{""inode_cache"": 3818, ""kmalloc-2048"": 0, ""dentry"": 12726, ""kmalloc-256"": 952, ""kmalloc-1024"": 0, ""skbuff_head_cache"": 288}"
1774418244.896331,116621,3272200,3402060,"{""inode_cache"": 3818, ""kmalloc-2048"": 0, ""dentry"": 12726, ""kmalloc-256"": 952, ""kmalloc-1024"": 0, ""skbuff_head_cache"": 288}"
1774418245.397192,116621,3272200,3402060,"{""inode_cache"": 3818, ""kmalloc-2048"": 0, ""dentry"": 12726, ""kmalloc-256"": 952, ""kmalloc-1024"": 0, ""skbuff_head_cache"": 288}"
1774418245.8980439,116621,3272200,3402060,"{""inode_cache"": 3818, ""kmalloc-2048"": 0, ""dentry"": 12726, ""kmalloc-256"": 952, ""kmalloc-1024"": 0, ""skbuff_head_cache"": 288}"
1774418246.3973608,116621,3272200,3402060,"{""inode_cache"": 3818, ""kmalloc-2048"": 0, ""dentry"": 12726, ""kmalloc-256"": 952, ""kmalloc-1024"": 0, ""skbuff_head_cache"": 288}"
1774418246.8981993,116621,3272200,3402060,"{""inode_cache"": 3818, ""kmalloc-2048"": 0, ""dentry"": 12726, ""kmalloc-256"": 952, ""kmalloc-1024"": 0, ""skbuff_head_cache"": 288}"
1774418247.398024,116621,3272200,3402060,"{""inode_cache"": 3818, ""kmalloc-2048"": 0, ""dentry"": 12726, ""kmalloc-256"": 952, ""kmalloc-1024"": 0, ""skbuff_head_cache"": 288}"
1774418247.89893,116621,3272200,3402060,"{""inode_cache"": 3818, ""kmalloc-2048"": 0, ""dentry"": 12726, ""kmalloc-256"": 952, ""kmalloc-1024"": 0, ""skbuff_head_cache"": 288}"
1774418248.3996112,116621,3272200,3402060,"{""inode_cache"": 3818, ""kmalloc-2048"": 0, ""dentry"": 12726, ""kmalloc-256"": 952, ""kmalloc-1024"": 0, ""skbuff_head_cache"": 288}"
1774418248.8994777,116621,3272200,3402060,"{""inode_cache"": 3818, ""kmalloc-2048"": 0, ""dentry"": 12726, ""kmalloc-256"": 952, ""kmalloc-1024"": 0, ""skbuff_head_cache"": 288}"
1774418249.3997421,116621,3272200,3402060,"{""inode_cache"": 3818, ""kmalloc-2048"": 0, ""dentry"": 12726, ""kmalloc-256"": 952, ""kmalloc-1024"": 0, ""skbuff_head_cache"": 288}"
1774418249.900227,116621,3272200,3402060,"{""inode_cache"": 3818, ""kmalloc-2048"": 0, ""dentry"": 12726, ""kmalloc-256"": 952, ""kmalloc-1024"": 0, ""skbuff_head_cache"": 288}"
1774418250.4011996,116621,3272200,3402060,"{""inode_cache"": 3818, ""kmalloc-2048"": 0, ""dentry"": 12726, ""kmalloc-256"": 952, ""kmalloc-1024"": 0, ""skbuff_head_cache"": 288}"
1774418250.9009457,116621,3272200,3402060,"{""inode_cache"": 3818, ""kmalloc-2048"": 0, ""dentry"": 12726, ""kmalloc-256"": 952, ""kmalloc-1024"": 0, ""skbuff_head_cache"": 288}"
1774418251.4014173,116621,3272200,3402060,"{""inode_cache"": 3818, ""kmalloc-2048"": 0, ""dentry"": 12726, ""kmalloc-256"": 952, ""kmalloc-1024"": 0, ""skbuff_head_cache"": 288}"
1774418251.9017513,116621,3272200,3402060,"{""inode_cache"": 3818, ""kmalloc-2048"": 0, ""dentry"": 12726, ""kmalloc-256"": 952, ""kmalloc-1024"": 0, ""skbuff_head_cache"": 288}"
1774418252.4024453,116621,3272200,3402060,"{""inode_cache"": 3818, ""kmalloc-2048"": 0, ""dentry"": 12726, ""kmalloc-256"": 952, ""kmalloc-1024"": 0, ""skbuff_head_cache"": 288}"
1774418252.90281,116621,3272200,3402060,"{""inode_cache"": 3818, ""kmalloc-2048"": 0, ""dentry"": 12726, ""kmalloc-256"": 952, ""kmalloc-1024"": 0, ""skbuff_head_cache"": 288}"
1774418253.4031472,116621,3272200,3402060,"{""inode_cache"": 3818, ""kmalloc-2048"": 0, ""dentry"": 12726, ""kmalloc-256"": 952, ""kmalloc-1024"": 0, ""skbuff_head_cache"": 288}"
1774418253.904118,116621,3272200,3402060,"{""inode_cache"": 3818, ""kmalloc-2048"": 0, ""dentry"": 12726, ""kmalloc-256"": 952, ""kmalloc-1024"": 0, ""skbuff_head_cache"": 288}"
